stock_code,market
000001.SZ,SZ
000002.SZ,SZ
000004.SZ,SZ
000006.SZ,SZ
000007.SZ,SZ
000008.SZ,SZ
000009.SZ,SZ
000010.SZ,SZ
000011.SZ,SZ
000012.SZ,SZ
000014.SZ,SZ
000016.SZ,SZ
000017.SZ,SZ
000019.SZ,SZ
000020.SZ,SZ
000021.SZ,SZ
000025.SZ,SZ
000026.SZ,SZ
000027.SZ,SZ
000028.SZ,SZ
000029.SZ,SZ
000030.SZ,SZ
000031.SZ,SZ
000032.SZ,SZ
000034.SZ,SZ
000035.SZ,SZ
000036.SZ,SZ
000037.SZ,SZ
000039.SZ,SZ
000042.SZ,SZ
000045.SZ,SZ
000048.SZ,SZ
000049.SZ,SZ
000050.SZ,SZ
000055.SZ,SZ
000056.SZ,SZ
000058.SZ,SZ
000059.SZ,SZ
000060.SZ,SZ
000061.SZ,SZ
000062.SZ,SZ
000063.SZ,SZ
000065.SZ,SZ
000066.SZ,SZ
000068.SZ,SZ
000069.SZ,SZ
000070.SZ,SZ
000078.SZ,SZ
000088.SZ,SZ
000089.SZ,SZ
000090.SZ,SZ
000096.SZ,SZ
000099.SZ,SZ
000100.SZ,SZ
000151.SZ,SZ
000153.SZ,SZ
000155.SZ,SZ
000156.SZ,SZ
000157.SZ,SZ
000158.SZ,SZ
000159.SZ,SZ
000166.SZ,SZ
000301.SZ,SZ
000333.SZ,SZ
000338.SZ,SZ
000400.SZ,SZ
000401.SZ,SZ
000402.SZ,SZ
000403.SZ,SZ
000404.SZ,SZ
000407.SZ,SZ
000408.SZ,SZ
000409.SZ,SZ
000410.SZ,SZ
000411.SZ,SZ
000415.SZ,SZ
000417.SZ,SZ
000419.SZ,SZ
000420.SZ,SZ
000421.SZ,SZ
000422.SZ,SZ
000423.SZ,SZ
000425.SZ,SZ
000426.SZ,SZ
000428.SZ,SZ
000429.SZ,SZ
000430.SZ,SZ
000488.SZ,SZ
000498.SZ,SZ
000501.SZ,SZ
000503.SZ,SZ
000504.SZ,SZ
000505.SZ,SZ
000506.SZ,SZ
000507.SZ,SZ
000509.SZ,SZ
000510.SZ,SZ
000513.SZ,SZ
000514.SZ,SZ
000516.SZ,SZ
000517.SZ,SZ
000518.SZ,SZ
000519.SZ,SZ
000520.SZ,SZ
000521.SZ,SZ
000523.SZ,SZ
000524.SZ,SZ
000525.SZ,SZ
000526.SZ,SZ
000528.SZ,SZ
000529.SZ,SZ
000530.SZ,SZ
000531.SZ,SZ
000532.SZ,SZ
000533.SZ,SZ
000534.SZ,SZ
000536.SZ,SZ
000537.SZ,SZ
000538.SZ,SZ
000539.SZ,SZ
000541.SZ,SZ
000543.SZ,SZ
000544.SZ,SZ
000545.SZ,SZ
000546.SZ,SZ
000547.SZ,SZ
000548.SZ,SZ
000550.SZ,SZ
000551.SZ,SZ
000552.SZ,SZ
000553.SZ,SZ
000554.SZ,SZ
000555.SZ,SZ
000557.SZ,SZ
000558.SZ,SZ
000559.SZ,SZ
000560.SZ,SZ
000561.SZ,SZ
000563.SZ,SZ
000564.SZ,SZ
000565.SZ,SZ
000566.SZ,SZ
000567.SZ,SZ
000568.SZ,SZ
000570.SZ,SZ
000571.SZ,SZ
000572.SZ,SZ
000573.SZ,SZ
000576.SZ,SZ
000581.SZ,SZ
000582.SZ,SZ
000586.SZ,SZ
000589.SZ,SZ
000590.SZ,SZ
000591.SZ,SZ
000592.SZ,SZ
000593.SZ,SZ
000595.SZ,SZ
000596.SZ,SZ
000597.SZ,SZ
000598.SZ,SZ
000599.SZ,SZ
000600.SZ,SZ
000601.SZ,SZ
000603.SZ,SZ
000605.SZ,SZ
000607.SZ,SZ
000608.SZ,SZ
000609.SZ,SZ
000610.SZ,SZ
000612.SZ,SZ
000615.SZ,SZ
000617.SZ,SZ
000619.SZ,SZ
000620.SZ,SZ
000623.SZ,SZ
000625.SZ,SZ
000626.SZ,SZ
000628.SZ,SZ
000629.SZ,SZ
000630.SZ,SZ
000631.SZ,SZ
000632.SZ,SZ
000633.SZ,SZ
000635.SZ,SZ
000636.SZ,SZ
000637.SZ,SZ
000639.SZ,SZ
000650.SZ,SZ
000651.SZ,SZ
000652.SZ,SZ
000655.SZ,SZ
000656.SZ,SZ
000657.SZ,SZ
000659.SZ,SZ
000661.SZ,SZ
000663.SZ,SZ
000665.SZ,SZ
000668.SZ,SZ
000669.SZ,SZ
000670.SZ,SZ
000672.SZ,SZ
000676.SZ,SZ
000677.SZ,SZ
000678.SZ,SZ
000679.SZ,SZ
000680.SZ,SZ
000681.SZ,SZ
000682.SZ,SZ
000683.SZ,SZ
000685.SZ,SZ
000686.SZ,SZ
000688.SZ,SZ
000690.SZ,SZ
000691.SZ,SZ
000692.SZ,SZ
000695.SZ,SZ
000697.SZ,SZ
000698.SZ,SZ
000700.SZ,SZ
000701.SZ,SZ
000702.SZ,SZ
000703.SZ,SZ
000705.SZ,SZ
000707.SZ,SZ
000708.SZ,SZ
000709.SZ,SZ
000710.SZ,SZ
000711.SZ,SZ
000712.SZ,SZ
000713.SZ,SZ
000715.SZ,SZ
000716.SZ,SZ
000717.SZ,SZ
000718.SZ,SZ
000719.SZ,SZ
000720.SZ,SZ
000721.SZ,SZ
000722.SZ,SZ
000723.SZ,SZ
000725.SZ,SZ
000726.SZ,SZ
000727.SZ,SZ
000728.SZ,SZ
000729.SZ,SZ
000731.SZ,SZ
000733.SZ,SZ
000735.SZ,SZ
000736.SZ,SZ
000737.SZ,SZ
000738.SZ,SZ
000739.SZ,SZ
000750.SZ,SZ
000751.SZ,SZ
000752.SZ,SZ
000753.SZ,SZ
000755.SZ,SZ
000756.SZ,SZ
000757.SZ,SZ
000758.SZ,SZ
000759.SZ,SZ
000761.SZ,SZ
000762.SZ,SZ
000766.SZ,SZ
000767.SZ,SZ
000768.SZ,SZ
000776.SZ,SZ
000777.SZ,SZ
000778.SZ,SZ
000779.SZ,SZ
000782.SZ,SZ
000783.SZ,SZ
000785.SZ,SZ
000786.SZ,SZ
000788.SZ,SZ
000789.SZ,SZ
000790.SZ,SZ
000791.SZ,SZ
000792.SZ,SZ
000793.SZ,SZ
000795.SZ,SZ
000796.SZ,SZ
000797.SZ,SZ
000798.SZ,SZ
000799.SZ,SZ
000800.SZ,SZ
000801.SZ,SZ
000802.SZ,SZ
000803.SZ,SZ
000807.SZ,SZ
000809.SZ,SZ
000810.SZ,SZ
000811.SZ,SZ
000812.SZ,SZ
000813.SZ,SZ
000815.SZ,SZ
000816.SZ,SZ
000818.SZ,SZ
000819.SZ,SZ
000820.SZ,SZ
000821.SZ,SZ
000822.SZ,SZ
000823.SZ,SZ
000825.SZ,SZ
000826.SZ,SZ
000828.SZ,SZ
000829.SZ,SZ
000830.SZ,SZ
000831.SZ,SZ
000833.SZ,SZ
000837.SZ,SZ
000838.SZ,SZ
000839.SZ,SZ
000848.SZ,SZ
000850.SZ,SZ
000852.SZ,SZ
000856.SZ,SZ
000858.SZ,SZ
000859.SZ,SZ
000860.SZ,SZ
000862.SZ,SZ
000863.SZ,SZ
000868.SZ,SZ
000869.SZ,SZ
000875.SZ,SZ
000876.SZ,SZ
000877.SZ,SZ
000878.SZ,SZ
000880.SZ,SZ
000881.SZ,SZ
000882.SZ,SZ
000883.SZ,SZ
000885.SZ,SZ
000886.SZ,SZ
000887.SZ,SZ
000888.SZ,SZ
000889.SZ,SZ
000890.SZ,SZ
000892.SZ,SZ
000893.SZ,SZ
000895.SZ,SZ
000897.SZ,SZ
000898.SZ,SZ
000899.SZ,SZ
000900.SZ,SZ
000901.SZ,SZ
000902.SZ,SZ
000903.SZ,SZ
000905.SZ,SZ
000906.SZ,SZ
000908.SZ,SZ
000909.SZ,SZ
000910.SZ,SZ
000911.SZ,SZ
000912.SZ,SZ
000913.SZ,SZ
000915.SZ,SZ
000917.SZ,SZ
000919.SZ,SZ
000920.SZ,SZ
000921.SZ,SZ
000922.SZ,SZ
000923.SZ,SZ
000925.SZ,SZ
000926.SZ,SZ
000927.SZ,SZ
000928.SZ,SZ
000929.SZ,SZ
000930.SZ,SZ
000931.SZ,SZ
000932.SZ,SZ
000933.SZ,SZ
000935.SZ,SZ
000936.SZ,SZ
000937.SZ,SZ
000938.SZ,SZ
000948.SZ,SZ
000949.SZ,SZ
000950.SZ,SZ
000951.SZ,SZ
000952.SZ,SZ
000953.SZ,SZ
000955.SZ,SZ
000957.SZ,SZ
000958.SZ,SZ
000959.SZ,SZ
000960.SZ,SZ
000962.SZ,SZ
000963.SZ,SZ
000965.SZ,SZ
000966.SZ,SZ
000967.SZ,SZ
000968.SZ,SZ
000969.SZ,SZ
000970.SZ,SZ
000972.SZ,SZ
000973.SZ,SZ
000975.SZ,SZ
000977.SZ,SZ
000978.SZ,SZ
000980.SZ,SZ
000981.SZ,SZ
000983.SZ,SZ
000985.SZ,SZ
000987.SZ,SZ
000988.SZ,SZ
000989.SZ,SZ
000990.SZ,SZ
000993.SZ,SZ
000995.SZ,SZ
000997.SZ,SZ
000998.SZ,SZ
000999.SZ,SZ
001201.SZ,SZ
001202.SZ,SZ
001203.SZ,SZ
001205.SZ,SZ
001206.SZ,SZ
001207.SZ,SZ
001208.SZ,SZ
001209.SZ,SZ
001210.SZ,SZ
001211.SZ,SZ
001212.SZ,SZ
001213.SZ,SZ
001215.SZ,SZ
001216.SZ,SZ
001217.SZ,SZ
001218.SZ,SZ
001219.SZ,SZ
001220.SZ,SZ
001221.SZ,SZ
001222.SZ,SZ
001223.SZ,SZ
001225.SZ,SZ
001226.SZ,SZ
001227.SZ,SZ
001228.SZ,SZ
001229.SZ,SZ
001230.SZ,SZ
001231.SZ,SZ
001233.SZ,SZ
001234.SZ,SZ
001236.SZ,SZ
001237.SZ,SZ
001238.SZ,SZ
001239.SZ,SZ
001255.SZ,SZ
001256.SZ,SZ
001257.SZ,SZ
001258.SZ,SZ
001259.SZ,SZ
001260.SZ,SZ
001266.SZ,SZ
001267.SZ,SZ
001268.SZ,SZ
001269.SZ,SZ
001270.SZ,SZ
001277.SZ,SZ
001278.SZ,SZ
001279.SZ,SZ
001280.SZ,SZ
001282.SZ,SZ
001283.SZ,SZ
001285.SZ,SZ
001286.SZ,SZ
001287.SZ,SZ
001288.SZ,SZ
001289.SZ,SZ
001296.SZ,SZ
001298.SZ,SZ
001299.SZ,SZ
001300.SZ,SZ
001301.SZ,SZ
001306.SZ,SZ
001308.SZ,SZ
001309.SZ,SZ
001311.SZ,SZ
001312.SZ,SZ
001313.SZ,SZ
001314.SZ,SZ
001316.SZ,SZ
001317.SZ,SZ
001318.SZ,SZ
001319.SZ,SZ
001322.SZ,SZ
001323.SZ,SZ
001324.SZ,SZ
001325.SZ,SZ
001326.SZ,SZ
001328.SZ,SZ
001330.SZ,SZ
001331.SZ,SZ
001332.SZ,SZ
001333.SZ,SZ
001335.SZ,SZ
001336.SZ,SZ
001337.SZ,SZ
001338.SZ,SZ
001339.SZ,SZ
001356.SZ,SZ
001358.SZ,SZ
001359.SZ,SZ
001360.SZ,SZ
001365.SZ,SZ
001366.SZ,SZ
001367.SZ,SZ
001368.SZ,SZ
001369.SZ,SZ
001373.SZ,SZ
001376.SZ,SZ
001378.SZ,SZ
001379.SZ,SZ
001380.SZ,SZ
001382.SZ,SZ
001386.SZ,SZ
001387.SZ,SZ
001388.SZ,SZ
001389.SZ,SZ
001390.SZ,SZ
001391.SZ,SZ
001393.SZ,SZ
001395.SZ,SZ
001396.SZ,SZ
001400.SZ,SZ
001696.SZ,SZ
001872.SZ,SZ
001896.SZ,SZ
001914.SZ,SZ
001965.SZ,SZ
001979.SZ,SZ
002001.SZ,SZ
002003.SZ,SZ
002004.SZ,SZ
002005.SZ,SZ
002006.SZ,SZ
002007.SZ,SZ
002008.SZ,SZ
002009.SZ,SZ
002010.SZ,SZ
002011.SZ,SZ
002012.SZ,SZ
002014.SZ,SZ
002015.SZ,SZ
002016.SZ,SZ
002017.SZ,SZ
002019.SZ,SZ
002020.SZ,SZ
002021.SZ,SZ
002022.SZ,SZ
002023.SZ,SZ
002024.SZ,SZ
002025.SZ,SZ
002026.SZ,SZ
002027.SZ,SZ
002028.SZ,SZ
002029.SZ,SZ
002030.SZ,SZ
002031.SZ,SZ
002032.SZ,SZ
002033.SZ,SZ
002034.SZ,SZ
002035.SZ,SZ
002036.SZ,SZ
002037.SZ,SZ
002038.SZ,SZ
002039.SZ,SZ
002040.SZ,SZ
002041.SZ,SZ
002042.SZ,SZ
002043.SZ,SZ
002044.SZ,SZ
002045.SZ,SZ
002046.SZ,SZ
002047.SZ,SZ
002048.SZ,SZ
002049.SZ,SZ
002050.SZ,SZ
002051.SZ,SZ
002052.SZ,SZ
002053.SZ,SZ
002054.SZ,SZ
002055.SZ,SZ
002056.SZ,SZ
002057.SZ,SZ
002058.SZ,SZ
002059.SZ,SZ
002060.SZ,SZ
002061.SZ,SZ
002062.SZ,SZ
002063.SZ,SZ
002064.SZ,SZ
002065.SZ,SZ
002066.SZ,SZ
002067.SZ,SZ
002068.SZ,SZ
002069.SZ,SZ
002072.SZ,SZ
002073.SZ,SZ
002074.SZ,SZ
002075.SZ,SZ
002076.SZ,SZ
002077.SZ,SZ
002078.SZ,SZ
002079.SZ,SZ
002080.SZ,SZ
002081.SZ,SZ
002082.SZ,SZ
002083.SZ,SZ
002084.SZ,SZ
002085.SZ,SZ
002086.SZ,SZ
002088.SZ,SZ
002090.SZ,SZ
002091.SZ,SZ
002092.SZ,SZ
002093.SZ,SZ
002094.SZ,SZ
002095.SZ,SZ
002096.SZ,SZ
002097.SZ,SZ
002098.SZ,SZ
002099.SZ,SZ
002100.SZ,SZ
002101.SZ,SZ
002102.SZ,SZ
002103.SZ,SZ
002104.SZ,SZ
002105.SZ,SZ
002106.SZ,SZ
002107.SZ,SZ
002108.SZ,SZ
002109.SZ,SZ
002110.SZ,SZ
002111.SZ,SZ
002112.SZ,SZ
002114.SZ,SZ
002115.SZ,SZ
002116.SZ,SZ
002117.SZ,SZ
002119.SZ,SZ
002120.SZ,SZ
002121.SZ,SZ
002122.SZ,SZ
002123.SZ,SZ
002124.SZ,SZ
002125.SZ,SZ
002126.SZ,SZ
002127.SZ,SZ
002128.SZ,SZ
002129.SZ,SZ
002130.SZ,SZ
002131.SZ,SZ
002132.SZ,SZ
002133.SZ,SZ
002134.SZ,SZ
002135.SZ,SZ
002136.SZ,SZ
002137.SZ,SZ
002138.SZ,SZ
002139.SZ,SZ
002140.SZ,SZ
002141.SZ,SZ
002142.SZ,SZ
002144.SZ,SZ
002145.SZ,SZ
002146.SZ,SZ
002148.SZ,SZ
002149.SZ,SZ
002150.SZ,SZ
002151.SZ,SZ
002152.SZ,SZ
002153.SZ,SZ
002154.SZ,SZ
002155.SZ,SZ
002156.SZ,SZ
002157.SZ,SZ
002158.SZ,SZ
002159.SZ,SZ
002160.SZ,SZ
002161.SZ,SZ
002162.SZ,SZ
002163.SZ,SZ
002164.SZ,SZ
002165.SZ,SZ
002166.SZ,SZ
002167.SZ,SZ
002168.SZ,SZ
002169.SZ,SZ
002170.SZ,SZ
002171.SZ,SZ
002172.SZ,SZ
002173.SZ,SZ
002174.SZ,SZ
002175.SZ,SZ
002176.SZ,SZ
002177.SZ,SZ
002178.SZ,SZ
002179.SZ,SZ
002180.SZ,SZ
002181.SZ,SZ
002182.SZ,SZ
002183.SZ,SZ
002184.SZ,SZ
002185.SZ,SZ
002186.SZ,SZ
002187.SZ,SZ
002188.SZ,SZ
002189.SZ,SZ
002190.SZ,SZ
002191.SZ,SZ
002192.SZ,SZ
002193.SZ,SZ
002194.SZ,SZ
002195.SZ,SZ
002196.SZ,SZ
002197.SZ,SZ
002198.SZ,SZ
002199.SZ,SZ
002200.SZ,SZ
002201.SZ,SZ
002202.SZ,SZ
002203.SZ,SZ
002204.SZ,SZ
002205.SZ,SZ
002206.SZ,SZ
002207.SZ,SZ
002208.SZ,SZ
002209.SZ,SZ
002210.SZ,SZ
002211.SZ,SZ
002212.SZ,SZ
002213.SZ,SZ
002214.SZ,SZ
002215.SZ,SZ
002216.SZ,SZ
002217.SZ,SZ
002218.SZ,SZ
002219.SZ,SZ
002221.SZ,SZ
002222.SZ,SZ
002223.SZ,SZ
002224.SZ,SZ
002225.SZ,SZ
002226.SZ,SZ
002227.SZ,SZ
002228.SZ,SZ
002229.SZ,SZ
002230.SZ,SZ
002232.SZ,SZ
002233.SZ,SZ
002234.SZ,SZ
002235.SZ,SZ
002236.SZ,SZ
002237.SZ,SZ
002238.SZ,SZ
002239.SZ,SZ
002240.SZ,SZ
002241.SZ,SZ
002242.SZ,SZ
002243.SZ,SZ
002244.SZ,SZ
002245.SZ,SZ
002246.SZ,SZ
002247.SZ,SZ
002248.SZ,SZ
002249.SZ,SZ
002250.SZ,SZ
002251.SZ,SZ
002252.SZ,SZ
002253.SZ,SZ
002254.SZ,SZ
002255.SZ,SZ
002256.SZ,SZ
002258.SZ,SZ
002259.SZ,SZ
002261.SZ,SZ
002262.SZ,SZ
002263.SZ,SZ
002264.SZ,SZ
002265.SZ,SZ
002266.SZ,SZ
002267.SZ,SZ
002268.SZ,SZ
002269.SZ,SZ
002270.SZ,SZ
002271.SZ,SZ
002272.SZ,SZ
002273.SZ,SZ
002274.SZ,SZ
002275.SZ,SZ
002276.SZ,SZ
002277.SZ,SZ
002278.SZ,SZ
002279.SZ,SZ
002281.SZ,SZ
002282.SZ,SZ
002283.SZ,SZ
002284.SZ,SZ
002285.SZ,SZ
002286.SZ,SZ
002287.SZ,SZ
002289.SZ,SZ
002290.SZ,SZ
002291.SZ,SZ
002292.SZ,SZ
002293.SZ,SZ
002294.SZ,SZ
002295.SZ,SZ
002296.SZ,SZ
002297.SZ,SZ
002298.SZ,SZ
002299.SZ,SZ
002300.SZ,SZ
002301.SZ,SZ
002302.SZ,SZ
002303.SZ,SZ
002304.SZ,SZ
002305.SZ,SZ
002306.SZ,SZ
002307.SZ,SZ
002309.SZ,SZ
002310.SZ,SZ
002311.SZ,SZ
002312.SZ,SZ
002313.SZ,SZ
002314.SZ,SZ
002315.SZ,SZ
002316.SZ,SZ
002317.SZ,SZ
002318.SZ,SZ
002319.SZ,SZ
002320.SZ,SZ
002321.SZ,SZ
002322.SZ,SZ
002323.SZ,SZ
002324.SZ,SZ
002326.SZ,SZ
002327.SZ,SZ
002328.SZ,SZ
002329.SZ,SZ
002330.SZ,SZ
002331.SZ,SZ
002332.SZ,SZ
002333.SZ,SZ
002334.SZ,SZ
002335.SZ,SZ
002337.SZ,SZ
002338.SZ,SZ
002339.SZ,SZ
002340.SZ,SZ
002342.SZ,SZ
002343.SZ,SZ
002344.SZ,SZ
002345.SZ,SZ
002346.SZ,SZ
002347.SZ,SZ
002348.SZ,SZ
002349.SZ,SZ
002350.SZ,SZ
002351.SZ,SZ
002352.SZ,SZ
002353.SZ,SZ
002354.SZ,SZ
002355.SZ,SZ
002356.SZ,SZ
002357.SZ,SZ
002358.SZ,SZ
002360.SZ,SZ
002361.SZ,SZ
002362.SZ,SZ
002363.SZ,SZ
002364.SZ,SZ
002365.SZ,SZ
002366.SZ,SZ
002367.SZ,SZ
002368.SZ,SZ
002369.SZ,SZ
002370.SZ,SZ
002371.SZ,SZ
002372.SZ,SZ
002373.SZ,SZ
002374.SZ,SZ
002375.SZ,SZ
002376.SZ,SZ
002377.SZ,SZ
002378.SZ,SZ
002379.SZ,SZ
002380.SZ,SZ
002381.SZ,SZ
002382.SZ,SZ
002383.SZ,SZ
002384.SZ,SZ
002385.SZ,SZ
002386.SZ,SZ
002387.SZ,SZ
002388.SZ,SZ
002389.SZ,SZ
002390.SZ,SZ
002391.SZ,SZ
002392.SZ,SZ
002393.SZ,SZ
002394.SZ,SZ
002395.SZ,SZ
002396.SZ,SZ
002397.SZ,SZ
002398.SZ,SZ
002399.SZ,SZ
002400.SZ,SZ
002401.SZ,SZ
002402.SZ,SZ
002403.SZ,SZ
002404.SZ,SZ
002405.SZ,SZ
002406.SZ,SZ
002407.SZ,SZ
002408.SZ,SZ
002409.SZ,SZ
002410.SZ,SZ
002412.SZ,SZ
002413.SZ,SZ
002414.SZ,SZ
002415.SZ,SZ
002416.SZ,SZ
002418.SZ,SZ
002419.SZ,SZ
002420.SZ,SZ
002421.SZ,SZ
002422.SZ,SZ
002423.SZ,SZ
002424.SZ,SZ
002425.SZ,SZ
002426.SZ,SZ
002427.SZ,SZ
002428.SZ,SZ
002429.SZ,SZ
002430.SZ,SZ
002431.SZ,SZ
002432.SZ,SZ
002434.SZ,SZ
002436.SZ,SZ
002437.SZ,SZ
002438.SZ,SZ
002439.SZ,SZ
002440.SZ,SZ
002441.SZ,SZ
002442.SZ,SZ
002443.SZ,SZ
002444.SZ,SZ
002445.SZ,SZ
002446.SZ,SZ
002448.SZ,SZ
002449.SZ,SZ
002451.SZ,SZ
002452.SZ,SZ
002453.SZ,SZ
002454.SZ,SZ
002455.SZ,SZ
002456.SZ,SZ
002457.SZ,SZ
002458.SZ,SZ
002459.SZ,SZ
002460.SZ,SZ
002461.SZ,SZ
002462.SZ,SZ
002463.SZ,SZ
002465.SZ,SZ
002466.SZ,SZ
002467.SZ,SZ
002468.SZ,SZ
002469.SZ,SZ
002470.SZ,SZ
002471.SZ,SZ
002472.SZ,SZ
002474.SZ,SZ
002475.SZ,SZ
002476.SZ,SZ
002478.SZ,SZ
002479.SZ,SZ
002480.SZ,SZ
002481.SZ,SZ
002482.SZ,SZ
002483.SZ,SZ
002484.SZ,SZ
002485.SZ,SZ
002486.SZ,SZ
002487.SZ,SZ
002488.SZ,SZ
002489.SZ,SZ
002490.SZ,SZ
002491.SZ,SZ
002492.SZ,SZ
002493.SZ,SZ
002494.SZ,SZ
002495.SZ,SZ
002496.SZ,SZ
002497.SZ,SZ
002498.SZ,SZ
002500.SZ,SZ
002501.SZ,SZ
002506.SZ,SZ
002507.SZ,SZ
002508.SZ,SZ
002510.SZ,SZ
002511.SZ,SZ
002512.SZ,SZ
002513.SZ,SZ
002514.SZ,SZ
002515.SZ,SZ
002516.SZ,SZ
002517.SZ,SZ
002518.SZ,SZ
002519.SZ,SZ
002520.SZ,SZ
002521.SZ,SZ
002522.SZ,SZ
002523.SZ,SZ
002524.SZ,SZ
002526.SZ,SZ
002527.SZ,SZ
002528.SZ,SZ
002529.SZ,SZ
002530.SZ,SZ
002531.SZ,SZ
002532.SZ,SZ
002533.SZ,SZ
002534.SZ,SZ
002535.SZ,SZ
002536.SZ,SZ
002537.SZ,SZ
002538.SZ,SZ
002539.SZ,SZ
002540.SZ,SZ
002541.SZ,SZ
002542.SZ,SZ
002543.SZ,SZ
002544.SZ,SZ
002545.SZ,SZ
002546.SZ,SZ
002547.SZ,SZ
002548.SZ,SZ
002549.SZ,SZ
002550.SZ,SZ
002551.SZ,SZ
002552.SZ,SZ
002553.SZ,SZ
002554.SZ,SZ
002555.SZ,SZ
002556.SZ,SZ
002557.SZ,SZ
002558.SZ,SZ
002559.SZ,SZ
002560.SZ,SZ
002561.SZ,SZ
002562.SZ,SZ
002563.SZ,SZ
002564.SZ,SZ
002565.SZ,SZ
002566.SZ,SZ
002567.SZ,SZ
002568.SZ,SZ
002569.SZ,SZ
002570.SZ,SZ
002571.SZ,SZ
002572.SZ,SZ
002573.SZ,SZ
002574.SZ,SZ
002575.SZ,SZ
002576.SZ,SZ
002577.SZ,SZ
002578.SZ,SZ
002579.SZ,SZ
002580.SZ,SZ
002581.SZ,SZ
002582.SZ,SZ
002583.SZ,SZ
002584.SZ,SZ
002585.SZ,SZ
002586.SZ,SZ
002587.SZ,SZ
002588.SZ,SZ
002589.SZ,SZ
002590.SZ,SZ
002591.SZ,SZ
002592.SZ,SZ
002593.SZ,SZ
002594.SZ,SZ
002595.SZ,SZ
002596.SZ,SZ
002597.SZ,SZ
002598.SZ,SZ
002599.SZ,SZ
002600.SZ,SZ
002601.SZ,SZ
002602.SZ,SZ
002603.SZ,SZ
002605.SZ,SZ
002606.SZ,SZ
002607.SZ,SZ
002608.SZ,SZ
002609.SZ,SZ
002611.SZ,SZ
002612.SZ,SZ
002613.SZ,SZ
002614.SZ,SZ
002615.SZ,SZ
002616.SZ,SZ
002617.SZ,SZ
002620.SZ,SZ
002622.SZ,SZ
002623.SZ,SZ
002624.SZ,SZ
002625.SZ,SZ
002626.SZ,SZ
002627.SZ,SZ
002628.SZ,SZ
002629.SZ,SZ
002630.SZ,SZ
002631.SZ,SZ
002632.SZ,SZ
002633.SZ,SZ
002634.SZ,SZ
002635.SZ,SZ
002636.SZ,SZ
002637.SZ,SZ
002638.SZ,SZ
002639.SZ,SZ
002640.SZ,SZ
002641.SZ,SZ
002642.SZ,SZ
002643.SZ,SZ
002644.SZ,SZ
002645.SZ,SZ
002646.SZ,SZ
002647.SZ,SZ
002648.SZ,SZ
002649.SZ,SZ
002650.SZ,SZ
002651.SZ,SZ
002652.SZ,SZ
002653.SZ,SZ
002654.SZ,SZ
002655.SZ,SZ
002656.SZ,SZ
002657.SZ,SZ
002658.SZ,SZ
002659.SZ,SZ
002660.SZ,SZ
002661.SZ,SZ
002662.SZ,SZ
002663.SZ,SZ
002664.SZ,SZ
002666.SZ,SZ
002667.SZ,SZ
002668.SZ,SZ
002669.SZ,SZ
002670.SZ,SZ
002671.SZ,SZ
002672.SZ,SZ
002673.SZ,SZ
002674.SZ,SZ
002675.SZ,SZ
002676.SZ,SZ
002677.SZ,SZ
002678.SZ,SZ
002679.SZ,SZ
002681.SZ,SZ
002682.SZ,SZ
002683.SZ,SZ
002685.SZ,SZ
002686.SZ,SZ
002687.SZ,SZ
002688.SZ,SZ
002689.SZ,SZ
002690.SZ,SZ
002691.SZ,SZ
002692.SZ,SZ
002693.SZ,SZ
002694.SZ,SZ
002695.SZ,SZ
002696.SZ,SZ
002697.SZ,SZ
002698.SZ,SZ
002700.SZ,SZ
002701.SZ,SZ
002702.SZ,SZ
002703.SZ,SZ
002705.SZ,SZ
002706.SZ,SZ
002707.SZ,SZ
002708.SZ,SZ
002709.SZ,SZ
002712.SZ,SZ
002713.SZ,SZ
002714.SZ,SZ
002715.SZ,SZ
002716.SZ,SZ
002717.SZ,SZ
002718.SZ,SZ
002719.SZ,SZ
002721.SZ,SZ
002722.SZ,SZ
002723.SZ,SZ
002724.SZ,SZ
002725.SZ,SZ
002726.SZ,SZ
002727.SZ,SZ
002728.SZ,SZ
002729.SZ,SZ
002730.SZ,SZ
002731.SZ,SZ
002732.SZ,SZ
002733.SZ,SZ
002734.SZ,SZ
002735.SZ,SZ
002736.SZ,SZ
002737.SZ,SZ
002738.SZ,SZ
002739.SZ,SZ
002741.SZ,SZ
002742.SZ,SZ
002743.SZ,SZ
002745.SZ,SZ
002746.SZ,SZ
002747.SZ,SZ
002748.SZ,SZ
002749.SZ,SZ
002752.SZ,SZ
002753.SZ,SZ
002755.SZ,SZ
002756.SZ,SZ
002757.SZ,SZ
002758.SZ,SZ
002759.SZ,SZ
002760.SZ,SZ
002761.SZ,SZ
002762.SZ,SZ
002763.SZ,SZ
002765.SZ,SZ
002766.SZ,SZ
002767.SZ,SZ
002768.SZ,SZ
002769.SZ,SZ
002771.SZ,SZ
002772.SZ,SZ
002773.SZ,SZ
002774.SZ,SZ
002775.SZ,SZ
002777.SZ,SZ
002778.SZ,SZ
002779.SZ,SZ
002780.SZ,SZ
002782.SZ,SZ
002783.SZ,SZ
002785.SZ,SZ
002786.SZ,SZ
002787.SZ,SZ
002788.SZ,SZ
002789.SZ,SZ
002790.SZ,SZ
002791.SZ,SZ
002792.SZ,SZ
002793.SZ,SZ
002795.SZ,SZ
002796.SZ,SZ
002797.SZ,SZ
002798.SZ,SZ
002799.SZ,SZ
002800.SZ,SZ
002801.SZ,SZ
002802.SZ,SZ
002803.SZ,SZ
002805.SZ,SZ
002806.SZ,SZ
002807.SZ,SZ
002808.SZ,SZ
002809.SZ,SZ
002810.SZ,SZ
002811.SZ,SZ
002812.SZ,SZ
002813.SZ,SZ
002815.SZ,SZ
002816.SZ,SZ
002817.SZ,SZ
002818.SZ,SZ
002819.SZ,SZ
002820.SZ,SZ
002821.SZ,SZ
002822.SZ,SZ
002823.SZ,SZ
002824.SZ,SZ
002825.SZ,SZ
002826.SZ,SZ
002827.SZ,SZ
002828.SZ,SZ
002829.SZ,SZ
002830.SZ,SZ
002831.SZ,SZ
002832.SZ,SZ
002833.SZ,SZ
002835.SZ,SZ
002836.SZ,SZ
002837.SZ,SZ
002838.SZ,SZ
002839.SZ,SZ
002840.SZ,SZ
002841.SZ,SZ
002842.SZ,SZ
002843.SZ,SZ
002845.SZ,SZ
002846.SZ,SZ
002847.SZ,SZ
002848.SZ,SZ
002849.SZ,SZ
002850.SZ,SZ
002851.SZ,SZ
002852.SZ,SZ
002853.SZ,SZ
002855.SZ,SZ
002856.SZ,SZ
002857.SZ,SZ
002858.SZ,SZ
002859.SZ,SZ
002860.SZ,SZ
002861.SZ,SZ
002862.SZ,SZ
002863.SZ,SZ
002864.SZ,SZ
002865.SZ,SZ
002866.SZ,SZ
002867.SZ,SZ
002868.SZ,SZ
002869.SZ,SZ
002870.SZ,SZ
002871.SZ,SZ
002872.SZ,SZ
002873.SZ,SZ
002875.SZ,SZ
002876.SZ,SZ
002877.SZ,SZ
002878.SZ,SZ
002879.SZ,SZ
002880.SZ,SZ
002881.SZ,SZ
002882.SZ,SZ
002883.SZ,SZ
002884.SZ,SZ
002885.SZ,SZ
002886.SZ,SZ
002887.SZ,SZ
002888.SZ,SZ
002889.SZ,SZ
002890.SZ,SZ
002891.SZ,SZ
002892.SZ,SZ
002893.SZ,SZ
002895.SZ,SZ
002896.SZ,SZ
002897.SZ,SZ
002898.SZ,SZ
002899.SZ,SZ
002900.SZ,SZ
002901.SZ,SZ
002902.SZ,SZ
002903.SZ,SZ
002905.SZ,SZ
002906.SZ,SZ
002907.SZ,SZ
002908.SZ,SZ
002909.SZ,SZ
002910.SZ,SZ
002911.SZ,SZ
002912.SZ,SZ
002913.SZ,SZ
002915.SZ,SZ
002916.SZ,SZ
002917.SZ,SZ
002918.SZ,SZ
002919.SZ,SZ
002920.SZ,SZ
002921.SZ,SZ
002922.SZ,SZ
002923.SZ,SZ
002925.SZ,SZ
002926.SZ,SZ
002927.SZ,SZ
002928.SZ,SZ
002929.SZ,SZ
002930.SZ,SZ
002931.SZ,SZ
002932.SZ,SZ
002933.SZ,SZ
002935.SZ,SZ
002936.SZ,SZ
002937.SZ,SZ
002938.SZ,SZ
002939.SZ,SZ
002940.SZ,SZ
002941.SZ,SZ
002942.SZ,SZ
002943.SZ,SZ
002945.SZ,SZ
002946.SZ,SZ
002947.SZ,SZ
002948.SZ,SZ
002949.SZ,SZ
002950.SZ,SZ
002951.SZ,SZ
002952.SZ,SZ
002953.SZ,SZ
002955.SZ,SZ
002956.SZ,SZ
002957.SZ,SZ
002958.SZ,SZ
002959.SZ,SZ
002960.SZ,SZ
002961.SZ,SZ
002962.SZ,SZ
002963.SZ,SZ
002965.SZ,SZ
002966.SZ,SZ
002967.SZ,SZ
002968.SZ,SZ
002969.SZ,SZ
002970.SZ,SZ
002971.SZ,SZ
002972.SZ,SZ
002973.SZ,SZ
002975.SZ,SZ
002976.SZ,SZ
002977.SZ,SZ
002978.SZ,SZ
002979.SZ,SZ
002980.SZ,SZ
002981.SZ,SZ
002982.SZ,SZ
002983.SZ,SZ
002984.SZ,SZ
002985.SZ,SZ
002986.SZ,SZ
002987.SZ,SZ
002988.SZ,SZ
002989.SZ,SZ
002990.SZ,SZ
002991.SZ,SZ
002992.SZ,SZ
002993.SZ,SZ
002995.SZ,SZ
002996.SZ,SZ
002997.SZ,SZ
002998.SZ,SZ
002999.SZ,SZ
003000.SZ,SZ
003001.SZ,SZ
003002.SZ,SZ
003003.SZ,SZ
003004.SZ,SZ
003005.SZ,SZ
003006.SZ,SZ
003007.SZ,SZ
003008.SZ,SZ
003009.SZ,SZ
003010.SZ,SZ
003011.SZ,SZ
003012.SZ,SZ
003013.SZ,SZ
003015.SZ,SZ
003016.SZ,SZ
003017.SZ,SZ
003018.SZ,SZ
003019.SZ,SZ
003020.SZ,SZ
003021.SZ,SZ
003022.SZ,SZ
003023.SZ,SZ
003025.SZ,SZ
003026.SZ,SZ
003027.SZ,SZ
003028.SZ,SZ
003029.SZ,SZ
003030.SZ,SZ
003031.SZ,SZ
003032.SZ,SZ
003033.SZ,SZ
003035.SZ,SZ
003036.SZ,SZ
003037.SZ,SZ
003038.SZ,SZ
003039.SZ,SZ
003040.SZ,SZ
003041.SZ,SZ
003042.SZ,SZ
003043.SZ,SZ
003816.SZ,SZ
300001.SZ,SZ
300002.SZ,SZ
300003.SZ,SZ
300004.SZ,SZ
300005.SZ,SZ
300006.SZ,SZ
300007.SZ,SZ
300008.SZ,SZ
300009.SZ,SZ
300010.SZ,SZ
300011.SZ,SZ
300012.SZ,SZ
300013.SZ,SZ
300014.SZ,SZ
300015.SZ,SZ
300016.SZ,SZ
300017.SZ,SZ
300018.SZ,SZ
300019.SZ,SZ
300020.SZ,SZ
300021.SZ,SZ
300022.SZ,SZ
300024.SZ,SZ
300025.SZ,SZ
300026.SZ,SZ
300027.SZ,SZ
300029.SZ,SZ
300030.SZ,SZ
300031.SZ,SZ
300032.SZ,SZ
300033.SZ,SZ
300034.SZ,SZ
300035.SZ,SZ
300036.SZ,SZ
300037.SZ,SZ
300039.SZ,SZ
300040.SZ,SZ
300041.SZ,SZ
300042.SZ,SZ
300043.SZ,SZ
300044.SZ,SZ
300045.SZ,SZ
300046.SZ,SZ
300047.SZ,SZ
300048.SZ,SZ
300049.SZ,SZ
300050.SZ,SZ
300051.SZ,SZ
300052.SZ,SZ
300053.SZ,SZ
300054.SZ,SZ
300055.SZ,SZ
300056.SZ,SZ
300057.SZ,SZ
300058.SZ,SZ
300059.SZ,SZ
300061.SZ,SZ
300062.SZ,SZ
300063.SZ,SZ
300065.SZ,SZ
300066.SZ,SZ
300067.SZ,SZ
300068.SZ,SZ
300069.SZ,SZ
300070.SZ,SZ
300071.SZ,SZ
300072.SZ,SZ
300073.SZ,SZ
300074.SZ,SZ
300075.SZ,SZ
300076.SZ,SZ
300077.SZ,SZ
300078.SZ,SZ
300079.SZ,SZ
300080.SZ,SZ
300081.SZ,SZ
300082.SZ,SZ
300083.SZ,SZ
300084.SZ,SZ
300085.SZ,SZ
300086.SZ,SZ
300087.SZ,SZ
300088.SZ,SZ
300091.SZ,SZ
300092.SZ,SZ
300093.SZ,SZ
300094.SZ,SZ
300095.SZ,SZ
300096.SZ,SZ
300097.SZ,SZ
300098.SZ,SZ
300099.SZ,SZ
300100.SZ,SZ
300101.SZ,SZ
300102.SZ,SZ
300103.SZ,SZ
300105.SZ,SZ
300106.SZ,SZ
300107.SZ,SZ
300109.SZ,SZ
300110.SZ,SZ
300111.SZ,SZ
300112.SZ,SZ
300113.SZ,SZ
300115.SZ,SZ
300118.SZ,SZ
300119.SZ,SZ
300120.SZ,SZ
300121.SZ,SZ
300122.SZ,SZ
300123.SZ,SZ
300124.SZ,SZ
300125.SZ,SZ
300126.SZ,SZ
300127.SZ,SZ
300128.SZ,SZ
300129.SZ,SZ
300130.SZ,SZ
300131.SZ,SZ
300132.SZ,SZ
300133.SZ,SZ
300134.SZ,SZ
300135.SZ,SZ
300136.SZ,SZ
300137.SZ,SZ
300138.SZ,SZ
300139.SZ,SZ
300140.SZ,SZ
300141.SZ,SZ
300142.SZ,SZ
300143.SZ,SZ
300144.SZ,SZ
300145.SZ,SZ
300146.SZ,SZ
300147.SZ,SZ
300148.SZ,SZ
300149.SZ,SZ
300150.SZ,SZ
300151.SZ,SZ
300152.SZ,SZ
300153.SZ,SZ
300154.SZ,SZ
300155.SZ,SZ
300157.SZ,SZ
300158.SZ,SZ
300159.SZ,SZ
300160.SZ,SZ
300161.SZ,SZ
300162.SZ,SZ
300163.SZ,SZ
300164.SZ,SZ
300165.SZ,SZ
300166.SZ,SZ
300167.SZ,SZ
300168.SZ,SZ
300169.SZ,SZ
300170.SZ,SZ
300171.SZ,SZ
300172.SZ,SZ
300173.SZ,SZ
300174.SZ,SZ
300175.SZ,SZ
300176.SZ,SZ
300177.SZ,SZ
300179.SZ,SZ
300180.SZ,SZ
300181.SZ,SZ
300182.SZ,SZ
300183.SZ,SZ
300184.SZ,SZ
300185.SZ,SZ
300187.SZ,SZ
300188.SZ,SZ
300189.SZ,SZ
300190.SZ,SZ
300191.SZ,SZ
300192.SZ,SZ
300193.SZ,SZ
300194.SZ,SZ
300195.SZ,SZ
300196.SZ,SZ
300197.SZ,SZ
300198.SZ,SZ
300199.SZ,SZ
300200.SZ,SZ
300201.SZ,SZ
300203.SZ,SZ
300204.SZ,SZ
300205.SZ,SZ
300206.SZ,SZ
300207.SZ,SZ
300209.SZ,SZ
300210.SZ,SZ
300211.SZ,SZ
300212.SZ,SZ
300213.SZ,SZ
300214.SZ,SZ
300215.SZ,SZ
300217.SZ,SZ
300218.SZ,SZ
300219.SZ,SZ
300220.SZ,SZ
300221.SZ,SZ
300222.SZ,SZ
300223.SZ,SZ
300224.SZ,SZ
300225.SZ,SZ
300226.SZ,SZ
300227.SZ,SZ
300228.SZ,SZ
300229.SZ,SZ
300230.SZ,SZ
300231.SZ,SZ
300232.SZ,SZ
300233.SZ,SZ
300234.SZ,SZ
300235.SZ,SZ
300236.SZ,SZ
300237.SZ,SZ
300238.SZ,SZ
300239.SZ,SZ
300240.SZ,SZ
300241.SZ,SZ
300242.SZ,SZ
300243.SZ,SZ
300244.SZ,SZ
300245.SZ,SZ
300246.SZ,SZ
300247.SZ,SZ
300248.SZ,SZ
300249.SZ,SZ
300250.SZ,SZ
300251.SZ,SZ
300252.SZ,SZ
300253.SZ,SZ
300254.SZ,SZ
300255.SZ,SZ
300256.SZ,SZ
300257.SZ,SZ
300258.SZ,SZ
300259.SZ,SZ
300260.SZ,SZ
300261.SZ,SZ
300263.SZ,SZ
300264.SZ,SZ
300265.SZ,SZ
300266.SZ,SZ
300267.SZ,SZ
300268.SZ,SZ
300269.SZ,SZ
300270.SZ,SZ
300271.SZ,SZ
300272.SZ,SZ
300274.SZ,SZ
300275.SZ,SZ
300276.SZ,SZ
300277.SZ,SZ
300278.SZ,SZ
300279.SZ,SZ
300281.SZ,SZ
300283.SZ,SZ
300284.SZ,SZ
300285.SZ,SZ
300286.SZ,SZ
300287.SZ,SZ
300288.SZ,SZ
300289.SZ,SZ
300290.SZ,SZ
300291.SZ,SZ
300292.SZ,SZ
300293.SZ,SZ
300294.SZ,SZ
300295.SZ,SZ
300296.SZ,SZ
300298.SZ,SZ
300299.SZ,SZ
300300.SZ,SZ
300301.SZ,SZ
300302.SZ,SZ
300303.SZ,SZ
300304.SZ,SZ
300305.SZ,SZ
300306.SZ,SZ
300307.SZ,SZ
300308.SZ,SZ
300310.SZ,SZ
300311.SZ,SZ
300313.SZ,SZ
300314.SZ,SZ
300315.SZ,SZ
300316.SZ,SZ
300317.SZ,SZ
300318.SZ,SZ
300319.SZ,SZ
300320.SZ,SZ
300321.SZ,SZ
300322.SZ,SZ
300323.SZ,SZ
300324.SZ,SZ
300326.SZ,SZ
300327.SZ,SZ
300328.SZ,SZ
300329.SZ,SZ
300331.SZ,SZ
300332.SZ,SZ
300333.SZ,SZ
300334.SZ,SZ
300335.SZ,SZ
300337.SZ,SZ
300338.SZ,SZ
300339.SZ,SZ
300340.SZ,SZ
300341.SZ,SZ
300342.SZ,SZ
300343.SZ,SZ
300345.SZ,SZ
300346.SZ,SZ
300347.SZ,SZ
300348.SZ,SZ
300349.SZ,SZ
300350.SZ,SZ
300351.SZ,SZ
300352.SZ,SZ
300353.SZ,SZ
300354.SZ,SZ
300355.SZ,SZ
300357.SZ,SZ
300358.SZ,SZ
300359.SZ,SZ
300360.SZ,SZ
300363.SZ,SZ
300364.SZ,SZ
300365.SZ,SZ
300366.SZ,SZ
300368.SZ,SZ
300369.SZ,SZ
300370.SZ,SZ
300371.SZ,SZ
300373.SZ,SZ
300374.SZ,SZ
300375.SZ,SZ
300376.SZ,SZ
300377.SZ,SZ
300378.SZ,SZ
300380.SZ,SZ
300381.SZ,SZ
300382.SZ,SZ
300383.SZ,SZ
300384.SZ,SZ
300385.SZ,SZ
300386.SZ,SZ
300387.SZ,SZ
300388.SZ,SZ
300389.SZ,SZ
300390.SZ,SZ
300393.SZ,SZ
300394.SZ,SZ
300395.SZ,SZ
300396.SZ,SZ
300397.SZ,SZ
300398.SZ,SZ
300399.SZ,SZ
300400.SZ,SZ
300401.SZ,SZ
300402.SZ,SZ
300403.SZ,SZ
300404.SZ,SZ
300405.SZ,SZ
300406.SZ,SZ
300407.SZ,SZ
300408.SZ,SZ
300409.SZ,SZ
300410.SZ,SZ
300411.SZ,SZ
300412.SZ,SZ
300413.SZ,SZ
300414.SZ,SZ
300415.SZ,SZ
300416.SZ,SZ
300417.SZ,SZ
300418.SZ,SZ
300419.SZ,SZ
300420.SZ,SZ
300421.SZ,SZ
300422.SZ,SZ
300423.SZ,SZ
300424.SZ,SZ
300425.SZ,SZ
300426.SZ,SZ
300427.SZ,SZ
300428.SZ,SZ
300429.SZ,SZ
300430.SZ,SZ
300432.SZ,SZ
300433.SZ,SZ
300434.SZ,SZ
300435.SZ,SZ
300436.SZ,SZ
300437.SZ,SZ
300438.SZ,SZ
300439.SZ,SZ
300440.SZ,SZ
300441.SZ,SZ
300442.SZ,SZ
300443.SZ,SZ
300444.SZ,SZ
300445.SZ,SZ
300446.SZ,SZ
300447.SZ,SZ
300448.SZ,SZ
300449.SZ,SZ
300450.SZ,SZ
300451.SZ,SZ
300452.SZ,SZ
300453.SZ,SZ
300454.SZ,SZ
300455.SZ,SZ
300456.SZ,SZ
300457.SZ,SZ
300458.SZ,SZ
300459.SZ,SZ
300460.SZ,SZ
300461.SZ,SZ
300462.SZ,SZ
300463.SZ,SZ
300464.SZ,SZ
300465.SZ,SZ
300466.SZ,SZ
300467.SZ,SZ
300468.SZ,SZ
300469.SZ,SZ
300470.SZ,SZ
300471.SZ,SZ
300472.SZ,SZ
300473.SZ,SZ
300474.SZ,SZ
300475.SZ,SZ
300476.SZ,SZ
300477.SZ,SZ
300478.SZ,SZ
300479.SZ,SZ
300480.SZ,SZ
300481.SZ,SZ
300482.SZ,SZ
300483.SZ,SZ
300484.SZ,SZ
300485.SZ,SZ
300486.SZ,SZ
300487.SZ,SZ
300488.SZ,SZ
300489.SZ,SZ
300490.SZ,SZ
300491.SZ,SZ
300492.SZ,SZ
300493.SZ,SZ
300494.SZ,SZ
300496.SZ,SZ
300497.SZ,SZ
300498.SZ,SZ
300499.SZ,SZ
300500.SZ,SZ
300501.SZ,SZ
300502.SZ,SZ
300503.SZ,SZ
300504.SZ,SZ
300505.SZ,SZ
300506.SZ,SZ
300507.SZ,SZ
300508.SZ,SZ
300509.SZ,SZ
300510.SZ,SZ
300511.SZ,SZ
300512.SZ,SZ
300513.SZ,SZ
300514.SZ,SZ
300515.SZ,SZ
300516.SZ,SZ
300517.SZ,SZ
300518.SZ,SZ
300519.SZ,SZ
300520.SZ,SZ
300521.SZ,SZ
300522.SZ,SZ
300523.SZ,SZ
300525.SZ,SZ
300527.SZ,SZ
300528.SZ,SZ
300529.SZ,SZ
300530.SZ,SZ
300531.SZ,SZ
300532.SZ,SZ
300533.SZ,SZ
300534.SZ,SZ
300535.SZ,SZ
300536.SZ,SZ
300537.SZ,SZ
300538.SZ,SZ
300539.SZ,SZ
300540.SZ,SZ
300541.SZ,SZ
300542.SZ,SZ
300543.SZ,SZ
300545.SZ,SZ
300546.SZ,SZ
300547.SZ,SZ
300548.SZ,SZ
300549.SZ,SZ
300550.SZ,SZ
300551.SZ,SZ
300552.SZ,SZ
300553.SZ,SZ
300554.SZ,SZ
300555.SZ,SZ
300556.SZ,SZ
300557.SZ,SZ
300558.SZ,SZ
300559.SZ,SZ
300560.SZ,SZ
300561.SZ,SZ
300562.SZ,SZ
300563.SZ,SZ
300564.SZ,SZ
300565.SZ,SZ
300566.SZ,SZ
300567.SZ,SZ
300568.SZ,SZ
300569.SZ,SZ
300570.SZ,SZ
300571.SZ,SZ
300572.SZ,SZ
300573.SZ,SZ
300575.SZ,SZ
300576.SZ,SZ
300577.SZ,SZ
300578.SZ,SZ
300579.SZ,SZ
300580.SZ,SZ
300581.SZ,SZ
300582.SZ,SZ
300583.SZ,SZ
300584.SZ,SZ
300585.SZ,SZ
300586.SZ,SZ
300587.SZ,SZ
300588.SZ,SZ
300589.SZ,SZ
300590.SZ,SZ
300591.SZ,SZ
300592.SZ,SZ
300593.SZ,SZ
300594.SZ,SZ
300595.SZ,SZ
300596.SZ,SZ
300597.SZ,SZ
300598.SZ,SZ
300599.SZ,SZ
300600.SZ,SZ
300601.SZ,SZ
300602.SZ,SZ
300603.SZ,SZ
300604.SZ,SZ
300605.SZ,SZ
300606.SZ,SZ
300607.SZ,SZ
300608.SZ,SZ
300609.SZ,SZ
300610.SZ,SZ
300611.SZ,SZ
300612.SZ,SZ
300613.SZ,SZ
300614.SZ,SZ
300615.SZ,SZ
300616.SZ,SZ
300617.SZ,SZ
300618.SZ,SZ
300619.SZ,SZ
300620.SZ,SZ
300621.SZ,SZ
300622.SZ,SZ
300623.SZ,SZ
300624.SZ,SZ
300625.SZ,SZ
300626.SZ,SZ
300627.SZ,SZ
300628.SZ,SZ
300629.SZ,SZ
300631.SZ,SZ
300632.SZ,SZ
300633.SZ,SZ
300634.SZ,SZ
300635.SZ,SZ
300636.SZ,SZ
300637.SZ,SZ
300638.SZ,SZ
300639.SZ,SZ
300640.SZ,SZ
300641.SZ,SZ
300642.SZ,SZ
300643.SZ,SZ
300644.SZ,SZ
300645.SZ,SZ
300647.SZ,SZ
300648.SZ,SZ
300649.SZ,SZ
300650.SZ,SZ
300651.SZ,SZ
300652.SZ,SZ
300653.SZ,SZ
300654.SZ,SZ
300655.SZ,SZ
300656.SZ,SZ
300657.SZ,SZ
300658.SZ,SZ
300659.SZ,SZ
300660.SZ,SZ
300661.SZ,SZ
300662.SZ,SZ
300663.SZ,SZ
300664.SZ,SZ
300665.SZ,SZ
300666.SZ,SZ
300667.SZ,SZ
300668.SZ,SZ
300669.SZ,SZ
300670.SZ,SZ
300671.SZ,SZ
300672.SZ,SZ
300673.SZ,SZ
300674.SZ,SZ
300675.SZ,SZ
300676.SZ,SZ
300677.SZ,SZ
300678.SZ,SZ
300679.SZ,SZ
300680.SZ,SZ
300681.SZ,SZ
300682.SZ,SZ
300683.SZ,SZ
300684.SZ,SZ
300685.SZ,SZ
300686.SZ,SZ
300687.SZ,SZ
300688.SZ,SZ
300689.SZ,SZ
300690.SZ,SZ
300691.SZ,SZ
300692.SZ,SZ
300693.SZ,SZ
300694.SZ,SZ
300695.SZ,SZ
300696.SZ,SZ
300697.SZ,SZ
300698.SZ,SZ
300699.SZ,SZ
300700.SZ,SZ
300701.SZ,SZ
300702.SZ,SZ
300703.SZ,SZ
300705.SZ,SZ
300706.SZ,SZ
300707.SZ,SZ
300708.SZ,SZ
300709.SZ,SZ
300710.SZ,SZ
300711.SZ,SZ
300712.SZ,SZ
300713.SZ,SZ
300715.SZ,SZ
300716.SZ,SZ
300717.SZ,SZ
300718.SZ,SZ
300719.SZ,SZ
300720.SZ,SZ
300721.SZ,SZ
300722.SZ,SZ
300723.SZ,SZ
300724.SZ,SZ
300725.SZ,SZ
300726.SZ,SZ
300727.SZ,SZ
300729.SZ,SZ
300730.SZ,SZ
300731.SZ,SZ
300732.SZ,SZ
300733.SZ,SZ
300735.SZ,SZ
300736.SZ,SZ
300737.SZ,SZ
300738.SZ,SZ
300739.SZ,SZ
300740.SZ,SZ
300741.SZ,SZ
300743.SZ,SZ
300745.SZ,SZ
300746.SZ,SZ
300747.SZ,SZ
300748.SZ,SZ
300749.SZ,SZ
300750.SZ,SZ
300751.SZ,SZ
300752.SZ,SZ
300753.SZ,SZ
300755.SZ,SZ
300756.SZ,SZ
300757.SZ,SZ
300758.SZ,SZ
300759.SZ,SZ
300760.SZ,SZ
300761.SZ,SZ
300762.SZ,SZ
300763.SZ,SZ
300765.SZ,SZ
300766.SZ,SZ
300767.SZ,SZ
300768.SZ,SZ
300769.SZ,SZ
300770.SZ,SZ
300771.SZ,SZ
300772.SZ,SZ
300773.SZ,SZ
300774.SZ,SZ
300775.SZ,SZ
300776.SZ,SZ
300777.SZ,SZ
300778.SZ,SZ
300779.SZ,SZ
300780.SZ,SZ
300781.SZ,SZ
300782.SZ,SZ
300783.SZ,SZ
300784.SZ,SZ
300785.SZ,SZ
300786.SZ,SZ
300787.SZ,SZ
300788.SZ,SZ
300789.SZ,SZ
300790.SZ,SZ
300791.SZ,SZ
300792.SZ,SZ
300793.SZ,SZ
300795.SZ,SZ
300796.SZ,SZ
300797.SZ,SZ
300798.SZ,SZ
300800.SZ,SZ
300801.SZ,SZ
300802.SZ,SZ
300803.SZ,SZ
300804.SZ,SZ
300805.SZ,SZ
300806.SZ,SZ
300807.SZ,SZ
300808.SZ,SZ
300809.SZ,SZ
300810.SZ,SZ
300811.SZ,SZ
300812.SZ,SZ
300813.SZ,SZ
300814.SZ,SZ
300815.SZ,SZ
300816.SZ,SZ
300817.SZ,SZ
300818.SZ,SZ
300819.SZ,SZ
300820.SZ,SZ
300821.SZ,SZ
300822.SZ,SZ
300823.SZ,SZ
300824.SZ,SZ
300825.SZ,SZ
300826.SZ,SZ
300827.SZ,SZ
300828.SZ,SZ
300829.SZ,SZ
300830.SZ,SZ
300831.SZ,SZ
300832.SZ,SZ
300833.SZ,SZ
300834.SZ,SZ
300835.SZ,SZ
300836.SZ,SZ
300837.SZ,SZ
300838.SZ,SZ
300839.SZ,SZ
300840.SZ,SZ
300841.SZ,SZ
300842.SZ,SZ
300843.SZ,SZ
300844.SZ,SZ
300845.SZ,SZ
300846.SZ,SZ
300847.SZ,SZ
300848.SZ,SZ
300849.SZ,SZ
300850.SZ,SZ
300851.SZ,SZ
300852.SZ,SZ
300853.SZ,SZ
300854.SZ,SZ
300855.SZ,SZ
300856.SZ,SZ
300857.SZ,SZ
300858.SZ,SZ
300859.SZ,SZ
300860.SZ,SZ
300861.SZ,SZ
300862.SZ,SZ
300863.SZ,SZ
300864.SZ,SZ
300865.SZ,SZ
300866.SZ,SZ
300867.SZ,SZ
300868.SZ,SZ
300869.SZ,SZ
300870.SZ,SZ
300871.SZ,SZ
300872.SZ,SZ
300873.SZ,SZ
300875.SZ,SZ
300876.SZ,SZ
300877.SZ,SZ
300878.SZ,SZ
300879.SZ,SZ
300880.SZ,SZ
300881.SZ,SZ
300882.SZ,SZ
300883.SZ,SZ
300884.SZ,SZ
300885.SZ,SZ
300886.SZ,SZ
300887.SZ,SZ
300888.SZ,SZ
300889.SZ,SZ
300890.SZ,SZ
300891.SZ,SZ
300892.SZ,SZ
300893.SZ,SZ
300894.SZ,SZ
300895.SZ,SZ
300896.SZ,SZ
300897.SZ,SZ
300898.SZ,SZ
300899.SZ,SZ
300900.SZ,SZ
300901.SZ,SZ
300902.SZ,SZ
300903.SZ,SZ
300904.SZ,SZ
300905.SZ,SZ
300906.SZ,SZ
300907.SZ,SZ
300908.SZ,SZ
300909.SZ,SZ
300910.SZ,SZ
300911.SZ,SZ
300912.SZ,SZ
300913.SZ,SZ
300915.SZ,SZ
300916.SZ,SZ
300917.SZ,SZ
300918.SZ,SZ
300919.SZ,SZ
300920.SZ,SZ
300921.SZ,SZ
300922.SZ,SZ
300923.SZ,SZ
300925.SZ,SZ
300926.SZ,SZ
300927.SZ,SZ
300928.SZ,SZ
300929.SZ,SZ
300930.SZ,SZ
300931.SZ,SZ
300932.SZ,SZ
300933.SZ,SZ
300935.SZ,SZ
300936.SZ,SZ
300937.SZ,SZ
300938.SZ,SZ
300939.SZ,SZ
300940.SZ,SZ
300941.SZ,SZ
300942.SZ,SZ
300943.SZ,SZ
300945.SZ,SZ
300946.SZ,SZ
300947.SZ,SZ
300948.SZ,SZ
300949.SZ,SZ
300950.SZ,SZ
300951.SZ,SZ
300952.SZ,SZ
300953.SZ,SZ
300955.SZ,SZ
300956.SZ,SZ
300957.SZ,SZ
300958.SZ,SZ
300959.SZ,SZ
300960.SZ,SZ
300961.SZ,SZ
300962.SZ,SZ
300963.SZ,SZ
300964.SZ,SZ
300965.SZ,SZ
300966.SZ,SZ
300967.SZ,SZ
300968.SZ,SZ
300969.SZ,SZ
300970.SZ,SZ
300971.SZ,SZ
300972.SZ,SZ
300973.SZ,SZ
300975.SZ,SZ
300976.SZ,SZ
300977.SZ,SZ
300978.SZ,SZ
300979.SZ,SZ
300980.SZ,SZ
300981.SZ,SZ
300982.SZ,SZ
300983.SZ,SZ
300984.SZ,SZ
300985.SZ,SZ
300986.SZ,SZ
300987.SZ,SZ
300988.SZ,SZ
300989.SZ,SZ
300990.SZ,SZ
300991.SZ,SZ
300992.SZ,SZ
300993.SZ,SZ
300994.SZ,SZ
300995.SZ,SZ
300996.SZ,SZ
300997.SZ,SZ
300998.SZ,SZ
300999.SZ,SZ
301000.SZ,SZ
301001.SZ,SZ
301002.SZ,SZ
301003.SZ,SZ
301004.SZ,SZ
301005.SZ,SZ
301006.SZ,SZ
301007.SZ,SZ
301008.SZ,SZ
301009.SZ,SZ
301010.SZ,SZ
301011.SZ,SZ
301012.SZ,SZ
301013.SZ,SZ
301015.SZ,SZ
301016.SZ,SZ
301017.SZ,SZ
301018.SZ,SZ
301019.SZ,SZ
301020.SZ,SZ
301021.SZ,SZ
301022.SZ,SZ
301023.SZ,SZ
301024.SZ,SZ
301025.SZ,SZ
301026.SZ,SZ
301027.SZ,SZ
301028.SZ,SZ
301029.SZ,SZ
301030.SZ,SZ
301031.SZ,SZ
301032.SZ,SZ
301033.SZ,SZ
301035.SZ,SZ
301036.SZ,SZ
301037.SZ,SZ
301038.SZ,SZ
301039.SZ,SZ
301040.SZ,SZ
301041.SZ,SZ
301042.SZ,SZ
301043.SZ,SZ
301045.SZ,SZ
301046.SZ,SZ
301047.SZ,SZ
301048.SZ,SZ
301049.SZ,SZ
301050.SZ,SZ
301051.SZ,SZ
301052.SZ,SZ
301053.SZ,SZ
301055.SZ,SZ
301056.SZ,SZ
301057.SZ,SZ
301058.SZ,SZ
301059.SZ,SZ
301060.SZ,SZ
301061.SZ,SZ
301062.SZ,SZ
301063.SZ,SZ
301065.SZ,SZ
301066.SZ,SZ
301067.SZ,SZ
301068.SZ,SZ
301069.SZ,SZ
301070.SZ,SZ
301071.SZ,SZ
301072.SZ,SZ
301073.SZ,SZ
301075.SZ,SZ
301076.SZ,SZ
301077.SZ,SZ
301078.SZ,SZ
301079.SZ,SZ
301080.SZ,SZ
301081.SZ,SZ
301082.SZ,SZ
301083.SZ,SZ
301085.SZ,SZ
301086.SZ,SZ
301087.SZ,SZ
301088.SZ,SZ
301089.SZ,SZ
301090.SZ,SZ
301091.SZ,SZ
301092.SZ,SZ
301093.SZ,SZ
301095.SZ,SZ
301096.SZ,SZ
301097.SZ,SZ
301098.SZ,SZ
301099.SZ,SZ
301100.SZ,SZ
301101.SZ,SZ
301102.SZ,SZ
301103.SZ,SZ
301105.SZ,SZ
301106.SZ,SZ
301107.SZ,SZ
301108.SZ,SZ
301109.SZ,SZ
301110.SZ,SZ
301111.SZ,SZ
301112.SZ,SZ
301113.SZ,SZ
301115.SZ,SZ
301116.SZ,SZ
301117.SZ,SZ
301118.SZ,SZ
301119.SZ,SZ
301120.SZ,SZ
301121.SZ,SZ
301122.SZ,SZ
301123.SZ,SZ
301125.SZ,SZ
301126.SZ,SZ
301127.SZ,SZ
301128.SZ,SZ
301129.SZ,SZ
301130.SZ,SZ
301131.SZ,SZ
301132.SZ,SZ
301133.SZ,SZ
301135.SZ,SZ
301136.SZ,SZ
301137.SZ,SZ
301138.SZ,SZ
301139.SZ,SZ
301141.SZ,SZ
301148.SZ,SZ
301149.SZ,SZ
301150.SZ,SZ
301151.SZ,SZ
301152.SZ,SZ
301153.SZ,SZ
301155.SZ,SZ
301156.SZ,SZ
301157.SZ,SZ
301158.SZ,SZ
301159.SZ,SZ
301160.SZ,SZ
301161.SZ,SZ
301162.SZ,SZ
301163.SZ,SZ
301165.SZ,SZ
301166.SZ,SZ
301167.SZ,SZ
301168.SZ,SZ
301169.SZ,SZ
301170.SZ,SZ
301171.SZ,SZ
301172.SZ,SZ
301173.SZ,SZ
301175.SZ,SZ
301176.SZ,SZ
301177.SZ,SZ
301178.SZ,SZ
301179.SZ,SZ
301180.SZ,SZ
301181.SZ,SZ
301182.SZ,SZ
301183.SZ,SZ
301185.SZ,SZ
301186.SZ,SZ
301187.SZ,SZ
301188.SZ,SZ
301189.SZ,SZ
301190.SZ,SZ
301191.SZ,SZ
301192.SZ,SZ
301193.SZ,SZ
301195.SZ,SZ
301196.SZ,SZ
301197.SZ,SZ
301198.SZ,SZ
301199.SZ,SZ
301200.SZ,SZ
301201.SZ,SZ
301202.SZ,SZ
301203.SZ,SZ
301205.SZ,SZ
301206.SZ,SZ
301207.SZ,SZ
301208.SZ,SZ
301209.SZ,SZ
301210.SZ,SZ
301211.SZ,SZ
301212.SZ,SZ
301213.SZ,SZ
301215.SZ,SZ
301216.SZ,SZ
301217.SZ,SZ
301218.SZ,SZ
301219.SZ,SZ
301220.SZ,SZ
301221.SZ,SZ
301222.SZ,SZ
301223.SZ,SZ
301225.SZ,SZ
301226.SZ,SZ
301227.SZ,SZ
301228.SZ,SZ
301229.SZ,SZ
301230.SZ,SZ
301231.SZ,SZ
301232.SZ,SZ
301233.SZ,SZ
301234.SZ,SZ
301235.SZ,SZ
301236.SZ,SZ
301237.SZ,SZ
301238.SZ,SZ
301239.SZ,SZ
301246.SZ,SZ
301248.SZ,SZ
301251.SZ,SZ
301252.SZ,SZ
301255.SZ,SZ
301256.SZ,SZ
301257.SZ,SZ
301258.SZ,SZ
301259.SZ,SZ
301260.SZ,SZ
301261.SZ,SZ
301262.SZ,SZ
301263.SZ,SZ
301265.SZ,SZ
301266.SZ,SZ
301267.SZ,SZ
301268.SZ,SZ
301269.SZ,SZ
301270.SZ,SZ
301272.SZ,SZ
301273.SZ,SZ
301275.SZ,SZ
301276.SZ,SZ
301277.SZ,SZ
301278.SZ,SZ
301279.SZ,SZ
301280.SZ,SZ
301281.SZ,SZ
301282.SZ,SZ
301283.SZ,SZ
301285.SZ,SZ
301286.SZ,SZ
301287.SZ,SZ
301288.SZ,SZ
301289.SZ,SZ
301290.SZ,SZ
301291.SZ,SZ
301292.SZ,SZ
301293.SZ,SZ
301295.SZ,SZ
301296.SZ,SZ
301297.SZ,SZ
301298.SZ,SZ
301299.SZ,SZ
301300.SZ,SZ
301301.SZ,SZ
301302.SZ,SZ
301303.SZ,SZ
301305.SZ,SZ
301306.SZ,SZ
301307.SZ,SZ
301308.SZ,SZ
301309.SZ,SZ
301310.SZ,SZ
301311.SZ,SZ
301312.SZ,SZ
301313.SZ,SZ
301314.SZ,SZ
301315.SZ,SZ
301316.SZ,SZ
301317.SZ,SZ
301318.SZ,SZ
301319.SZ,SZ
301320.SZ,SZ
301321.SZ,SZ
301322.SZ,SZ
301323.SZ,SZ
301325.SZ,SZ
301326.SZ,SZ
301327.SZ,SZ
301328.SZ,SZ
301329.SZ,SZ
301330.SZ,SZ
301331.SZ,SZ
301332.SZ,SZ
301333.SZ,SZ
301335.SZ,SZ
301336.SZ,SZ
301337.SZ,SZ
301338.SZ,SZ
301339.SZ,SZ
301345.SZ,SZ
301348.SZ,SZ
301349.SZ,SZ
301353.SZ,SZ
301355.SZ,SZ
301356.SZ,SZ
301357.SZ,SZ
301358.SZ,SZ
301359.SZ,SZ
301360.SZ,SZ
301361.SZ,SZ
301362.SZ,SZ
301363.SZ,SZ
301365.SZ,SZ
301366.SZ,SZ
301367.SZ,SZ
301368.SZ,SZ
301369.SZ,SZ
301370.SZ,SZ
301371.SZ,SZ
301372.SZ,SZ
301373.SZ,SZ
301376.SZ,SZ
301377.SZ,SZ
301378.SZ,SZ
301379.SZ,SZ
301380.SZ,SZ
301381.SZ,SZ
301382.SZ,SZ
301383.SZ,SZ
301386.SZ,SZ
301387.SZ,SZ
301388.SZ,SZ
301389.SZ,SZ
301390.SZ,SZ
301391.SZ,SZ
301392.SZ,SZ
301393.SZ,SZ
301395.SZ,SZ
301396.SZ,SZ
301397.SZ,SZ
301398.SZ,SZ
301399.SZ,SZ
301408.SZ,SZ
301413.SZ,SZ
301418.SZ,SZ
301419.SZ,SZ
301421.SZ,SZ
301428.SZ,SZ
301429.SZ,SZ
301439.SZ,SZ
301446.SZ,SZ
301448.SZ,SZ
301449.SZ,SZ
301456.SZ,SZ
301458.SZ,SZ
301459.SZ,SZ
301468.SZ,SZ
301469.SZ,SZ
301479.SZ,SZ
301486.SZ,SZ
301487.SZ,SZ
301488.SZ,SZ
301489.SZ,SZ
301491.SZ,SZ
301498.SZ,SZ
301499.SZ,SZ
301500.SZ,SZ
301501.SZ,SZ
301502.SZ,SZ
301503.SZ,SZ
301505.SZ,SZ
301507.SZ,SZ
301508.SZ,SZ
301509.SZ,SZ
301510.SZ,SZ
301511.SZ,SZ
301512.SZ,SZ
301513.SZ,SZ
301515.SZ,SZ
301516.SZ,SZ
301517.SZ,SZ
301518.SZ,SZ
301519.SZ,SZ
301520.SZ,SZ
301522.SZ,SZ
301525.SZ,SZ
301526.SZ,SZ
301528.SZ,SZ
301529.SZ,SZ
301531.SZ,SZ
301533.SZ,SZ
301535.SZ,SZ
301536.SZ,SZ
301538.SZ,SZ
301539.SZ,SZ
301548.SZ,SZ
301550.SZ,SZ
301551.SZ,SZ
301552.SZ,SZ
301555.SZ,SZ
301556.SZ,SZ
301557.SZ,SZ
301558.SZ,SZ
301559.SZ,SZ
301560.SZ,SZ
301563.SZ,SZ
301565.SZ,SZ
301566.SZ,SZ
301567.SZ,SZ
301568.SZ,SZ
301571.SZ,SZ
301575.SZ,SZ
301577.SZ,SZ
301578.SZ,SZ
301580.SZ,SZ
301581.SZ,SZ
301584.SZ,SZ
301585.SZ,SZ
301586.SZ,SZ
301587.SZ,SZ
301588.SZ,SZ
301589.SZ,SZ
301590.SZ,SZ
301591.SZ,SZ
301592.SZ,SZ
301595.SZ,SZ
301596.SZ,SZ
301598.SZ,SZ
301599.SZ,SZ
301600.SZ,SZ
301601.SZ,SZ
301602.SZ,SZ
301603.SZ,SZ
301606.SZ,SZ
301607.SZ,SZ
301608.SZ,SZ
301609.SZ,SZ
301611.SZ,SZ
301613.SZ,SZ
301616.SZ,SZ
301617.SZ,SZ
301618.SZ,SZ
301622.SZ,SZ
301626.SZ,SZ
301628.SZ,SZ
301629.SZ,SZ
301630.SZ,SZ
301631.SZ,SZ
301632.SZ,SZ
301633.SZ,SZ
301636.SZ,SZ
301638.SZ,SZ
301656.SZ,SZ
301658.SZ,SZ
301662.SZ,SZ
301665.SZ,SZ
301666.SZ,SZ
301667.SZ,SZ
301668.SZ,SZ
301669.SZ,SZ
301678.SZ,SZ
301680.SZ,SZ
301682.SZ,SZ
301683.SZ,SZ
301687.SZ,SZ
301696.SZ,SZ
302132.SZ,SZ
600000.SH,SH
600004.SH,SH
600006.SH,SH
600007.SH,SH
600008.SH,SH
600009.SH,SH
600010.SH,SH
600011.SH,SH
600012.SH,SH
600015.SH,SH
600016.SH,SH
600017.SH,SH
600018.SH,SH
600019.SH,SH
600020.SH,SH
600021.SH,SH
600022.SH,SH
600023.SH,SH
600025.SH,SH
600026.SH,SH
600027.SH,SH
600028.SH,SH
600029.SH,SH
600030.SH,SH
600031.SH,SH
600032.SH,SH
600033.SH,SH
600035.SH,SH
600036.SH,SH
600037.SH,SH
600038.SH,SH
600039.SH,SH
600048.SH,SH
600050.SH,SH
600051.SH,SH
600052.SH,SH
600053.SH,SH
600054.SH,SH
600055.SH,SH
600056.SH,SH
600057.SH,SH
600058.SH,SH
600059.SH,SH
600060.SH,SH
600061.SH,SH
600062.SH,SH
600063.SH,SH
600064.SH,SH
600066.SH,SH
600067.SH,SH
600071.SH,SH
600072.SH,SH
600073.SH,SH
600075.SH,SH
600076.SH,SH
600078.SH,SH
600079.SH,SH
600080.SH,SH
600081.SH,SH
600082.SH,SH
600084.SH,SH
600085.SH,SH
600088.SH,SH
600089.SH,SH
600094.SH,SH
600095.SH,SH
600096.SH,SH
600097.SH,SH
600098.SH,SH
600099.SH,SH
600100.SH,SH
600101.SH,SH
600103.SH,SH
600104.SH,SH
600105.SH,SH
600106.SH,SH
600107.SH,SH
600108.SH,SH
600109.SH,SH
600110.SH,SH
600111.SH,SH
600113.SH,SH
600114.SH,SH
600115.SH,SH
600116.SH,SH
600117.SH,SH
600118.SH,SH
600119.SH,SH
600120.SH,SH
600121.SH,SH
600123.SH,SH
600125.SH,SH
600126.SH,SH
600127.SH,SH
600128.SH,SH
600129.SH,SH
600130.SH,SH
600131.SH,SH
600132.SH,SH
600133.SH,SH
600135.SH,SH
600136.SH,SH
600137.SH,SH
600138.SH,SH
600141.SH,SH
600143.SH,SH
600148.SH,SH
600149.SH,SH
600150.SH,SH
600151.SH,SH
600152.SH,SH
600153.SH,SH
600155.SH,SH
600156.SH,SH
600157.SH,SH
600158.SH,SH
600159.SH,SH
600160.SH,SH
600161.SH,SH
600162.SH,SH
600163.SH,SH
600165.SH,SH
600166.SH,SH
600167.SH,SH
600168.SH,SH
600169.SH,SH
600170.SH,SH
600171.SH,SH
600172.SH,SH
600173.SH,SH
600176.SH,SH
600177.SH,SH
600178.SH,SH
600179.SH,SH
600180.SH,SH
600182.SH,SH
600183.SH,SH
600184.SH,SH
600185.SH,SH
600186.SH,SH
600187.SH,SH
600188.SH,SH
600189.SH,SH
600191.SH,SH
600192.SH,SH
600193.SH,SH
600195.SH,SH
600196.SH,SH
600197.SH,SH
600198.SH,SH
600199.SH,SH
600201.SH,SH
600202.SH,SH
600203.SH,SH
600206.SH,SH
600207.SH,SH
600208.SH,SH
600210.SH,SH
600211.SH,SH
600212.SH,SH
600215.SH,SH
600216.SH,SH
600217.SH,SH
600218.SH,SH
600219.SH,SH
600221.SH,SH
600222.SH,SH
600223.SH,SH
600226.SH,SH
600227.SH,SH
600228.SH,SH
600229.SH,SH
600230.SH,SH
600231.SH,SH
600232.SH,SH
600233.SH,SH
600234.SH,SH
600235.SH,SH
600236.SH,SH
600237.SH,SH
600238.SH,SH
600239.SH,SH
600241.SH,SH
600243.SH,SH
600246.SH,SH
600248.SH,SH
600249.SH,SH
600250.SH,SH
600251.SH,SH
600252.SH,SH
600255.SH,SH
600256.SH,SH
600257.SH,SH
600258.SH,SH
600259.SH,SH
600261.SH,SH
600262.SH,SH
600265.SH,SH
600266.SH,SH
600267.SH,SH
600268.SH,SH
600269.SH,SH
600271.SH,SH
600272.SH,SH
600273.SH,SH
600276.SH,SH
600278.SH,SH
600279.SH,SH
600280.SH,SH
600281.SH,SH
600282.SH,SH
600283.SH,SH
600284.SH,SH
600285.SH,SH
600287.SH,SH
600288.SH,SH
600289.SH,SH
600292.SH,SH
600293.SH,SH
600295.SH,SH
600298.SH,SH
600299.SH,SH
600300.SH,SH
600301.SH,SH
600302.SH,SH
600303.SH,SH
600305.SH,SH
600307.SH,SH
600308.SH,SH
600309.SH,SH
600310.SH,SH
600312.SH,SH
600313.SH,SH
600315.SH,SH
600316.SH,SH
600318.SH,SH
600319.SH,SH
600320.SH,SH
600322.SH,SH
600323.SH,SH
600325.SH,SH
600326.SH,SH
600327.SH,SH
600328.SH,SH
600329.SH,SH
600330.SH,SH
600331.SH,SH
600332.SH,SH
600333.SH,SH
600335.SH,SH
600336.SH,SH
600337.SH,SH
600338.SH,SH
600339.SH,SH
600340.SH,SH
600343.SH,SH
600345.SH,SH
600346.SH,SH
600348.SH,SH
600350.SH,SH
600351.SH,SH
600352.SH,SH
600353.SH,SH
600354.SH,SH
600356.SH,SH
600358.SH,SH
600359.SH,SH
600360.SH,SH
600361.SH,SH
600362.SH,SH
600363.SH,SH
600365.SH,SH
600366.SH,SH
600367.SH,SH
600368.SH,SH
600369.SH,SH
600370.SH,SH
600371.SH,SH
600372.SH,SH
600373.SH,SH
600375.SH,SH
600376.SH,SH
600377.SH,SH
600378.SH,SH
600379.SH,SH
600380.SH,SH
600381.SH,SH
600382.SH,SH
600383.SH,SH
600386.SH,SH
600388.SH,SH
600389.SH,SH
600390.SH,SH
600391.SH,SH
600392.SH,SH
600395.SH,SH
600396.SH,SH
600397.SH,SH
600398.SH,SH
600399.SH,SH
600400.SH,SH
600403.SH,SH
600405.SH,SH
600406.SH,SH
600408.SH,SH
600409.SH,SH
600410.SH,SH
600415.SH,SH
600416.SH,SH
600418.SH,SH
600419.SH,SH
600420.SH,SH
600421.SH,SH
600422.SH,SH
600423.SH,SH
600425.SH,SH
600426.SH,SH
600428.SH,SH
600429.SH,SH
600433.SH,SH
600435.SH,SH
600436.SH,SH
600438.SH,SH
600439.SH,SH
600444.SH,SH
600446.SH,SH
600448.SH,SH
600449.SH,SH
600452.SH,SH
600455.SH,SH
600456.SH,SH
600458.SH,SH
600459.SH,SH
600460.SH,SH
600461.SH,SH
600463.SH,SH
600467.SH,SH
600468.SH,SH
600469.SH,SH
600470.SH,SH
600475.SH,SH
600476.SH,SH
600477.SH,SH
600478.SH,SH
600479.SH,SH
600480.SH,SH
600481.SH,SH
600482.SH,SH
600483.SH,SH
600486.SH,SH
600487.SH,SH
600488.SH,SH
600489.SH,SH
600490.SH,SH
600491.SH,SH
600493.SH,SH
600495.SH,SH
600496.SH,SH
600497.SH,SH
600498.SH,SH
600499.SH,SH
600500.SH,SH
600501.SH,SH
600502.SH,SH
600503.SH,SH
600505.SH,SH
600506.SH,SH
600507.SH,SH
600508.SH,SH
600509.SH,SH
600510.SH,SH
600511.SH,SH
600512.SH,SH
600513.SH,SH
600515.SH,SH
600516.SH,SH
600517.SH,SH
600518.SH,SH
600519.SH,SH
600520.SH,SH
600521.SH,SH
600522.SH,SH
600523.SH,SH
600525.SH,SH
600526.SH,SH
600527.SH,SH
600528.SH,SH
600529.SH,SH
600530.SH,SH
600531.SH,SH
600533.SH,SH
600535.SH,SH
600536.SH,SH
600537.SH,SH
600538.SH,SH
600539.SH,SH
600540.SH,SH
600543.SH,SH
600545.SH,SH
600546.SH,SH
600547.SH,SH
600548.SH,SH
600549.SH,SH
600550.SH,SH
600551.SH,SH
600552.SH,SH
600556.SH,SH
600557.SH,SH
600558.SH,SH
600559.SH,SH
600560.SH,SH
600561.SH,SH
600562.SH,SH
600563.SH,SH
600566.SH,SH
600567.SH,SH
600568.SH,SH
600569.SH,SH
600570.SH,SH
600571.SH,SH
600572.SH,SH
600573.SH,SH
600575.SH,SH
600576.SH,SH
600577.SH,SH
600578.SH,SH
600579.SH,SH
600580.SH,SH
600581.SH,SH
600582.SH,SH
600583.SH,SH
600584.SH,SH
600585.SH,SH
600586.SH,SH
600587.SH,SH
600588.SH,SH
600589.SH,SH
600590.SH,SH
600592.SH,SH
600593.SH,SH
600594.SH,SH
600595.SH,SH
600596.SH,SH
600597.SH,SH
600598.SH,SH
600599.SH,SH
600600.SH,SH
600601.SH,SH
600602.SH,SH
600603.SH,SH
600604.SH,SH
600605.SH,SH
600606.SH,SH
600608.SH,SH
600609.SH,SH
600610.SH,SH
600611.SH,SH
600612.SH,SH
600613.SH,SH
600615.SH,SH
600616.SH,SH
600617.SH,SH
600618.SH,SH
600619.SH,SH
600620.SH,SH
600621.SH,SH
600622.SH,SH
600623.SH,SH
600624.SH,SH
600626.SH,SH
600628.SH,SH
600629.SH,SH
600630.SH,SH
600633.SH,SH
600635.SH,SH
600636.SH,SH
600637.SH,SH
600638.SH,SH
600639.SH,SH
600640.SH,SH
600641.SH,SH
600642.SH,SH
600643.SH,SH
600644.SH,SH
600645.SH,SH
600648.SH,SH
600649.SH,SH
600650.SH,SH
600651.SH,SH
600653.SH,SH
600654.SH,SH
600655.SH,SH
600657.SH,SH
600658.SH,SH
600660.SH,SH
600661.SH,SH
600662.SH,SH
600663.SH,SH
600664.SH,SH
600665.SH,SH
600666.SH,SH
600667.SH,SH
600668.SH,SH
600671.SH,SH
600673.SH,SH
600674.SH,SH
600675.SH,SH
600676.SH,SH
600678.SH,SH
600679.SH,SH
600681.SH,SH
600682.SH,SH
600683.SH,SH
600684.SH,SH
600685.SH,SH
600686.SH,SH
600688.SH,SH
600689.SH,SH
600690.SH,SH
600691.SH,SH
600692.SH,SH
600693.SH,SH
600694.SH,SH
600696.SH,SH
600697.SH,SH
600698.SH,SH
600699.SH,SH
600702.SH,SH
600703.SH,SH
600704.SH,SH
600706.SH,SH
600707.SH,SH
600708.SH,SH
600710.SH,SH
600711.SH,SH
600712.SH,SH
600713.SH,SH
600714.SH,SH
600715.SH,SH
600716.SH,SH
600717.SH,SH
600718.SH,SH
600719.SH,SH
600720.SH,SH
600721.SH,SH
600722.SH,SH
600724.SH,SH
600725.SH,SH
600726.SH,SH
600727.SH,SH
600728.SH,SH
600729.SH,SH
600730.SH,SH
600731.SH,SH
600732.SH,SH
600733.SH,SH
600734.SH,SH
600735.SH,SH
600736.SH,SH
600737.SH,SH
600738.SH,SH
600739.SH,SH
600740.SH,SH
600741.SH,SH
600742.SH,SH
600743.SH,SH
600744.SH,SH
600745.SH,SH
600746.SH,SH
600748.SH,SH
600749.SH,SH
600750.SH,SH
600751.SH,SH
600753.SH,SH
600754.SH,SH
600755.SH,SH
600756.SH,SH
600757.SH,SH
600758.SH,SH
600759.SH,SH
600760.SH,SH
600761.SH,SH
600763.SH,SH
600764.SH,SH
600765.SH,SH
600768.SH,SH
600769.SH,SH
600770.SH,SH
600771.SH,SH
600773.SH,SH
600774.SH,SH
600775.SH,SH
600776.SH,SH
600777.SH,SH
600778.SH,SH
600779.SH,SH
600780.SH,SH
600782.SH,SH
600783.SH,SH
600784.SH,SH
600785.SH,SH
600787.SH,SH
600789.SH,SH
600790.SH,SH
600791.SH,SH
600792.SH,SH
600793.SH,SH
600794.SH,SH
600795.SH,SH
600796.SH,SH
600797.SH,SH
600798.SH,SH
600800.SH,SH
600801.SH,SH
600802.SH,SH
600803.SH,SH
600805.SH,SH
600807.SH,SH
600808.SH,SH
600809.SH,SH
600810.SH,SH
600812.SH,SH
600814.SH,SH
600815.SH,SH
600816.SH,SH
600817.SH,SH
600818.SH,SH
600819.SH,SH
600820.SH,SH
600821.SH,SH
600822.SH,SH
600824.SH,SH
600825.SH,SH
600826.SH,SH
600827.SH,SH
600828.SH,SH
600829.SH,SH
600830.SH,SH
600831.SH,SH
600833.SH,SH
600834.SH,SH
600835.SH,SH
600838.SH,SH
600839.SH,SH
600841.SH,SH
600843.SH,SH
600844.SH,SH
600845.SH,SH
600846.SH,SH
600847.SH,SH
600848.SH,SH
600850.SH,SH
600851.SH,SH
600853.SH,SH
600854.SH,SH
600855.SH,SH
600857.SH,SH
600858.SH,SH
600859.SH,SH
600860.SH,SH
600861.SH,SH
600862.SH,SH
600863.SH,SH
600864.SH,SH
600865.SH,SH
600866.SH,SH
600867.SH,SH
600868.SH,SH
600869.SH,SH
600871.SH,SH
600872.SH,SH
600873.SH,SH
600874.SH,SH
600875.SH,SH
600876.SH,SH
600877.SH,SH
600879.SH,SH
600880.SH,SH
600881.SH,SH
600882.SH,SH
600883.SH,SH
600884.SH,SH
600885.SH,SH
600886.SH,SH
600887.SH,SH
600888.SH,SH
600889.SH,SH
600892.SH,SH
600893.SH,SH
600894.SH,SH
600895.SH,SH
600897.SH,SH
600900.SH,SH
600901.SH,SH
600903.SH,SH
600905.SH,SH
600906.SH,SH
600908.SH,SH
600909.SH,SH
600916.SH,SH
600917.SH,SH
600918.SH,SH
600919.SH,SH
600925.SH,SH
600926.SH,SH
600927.SH,SH
600928.SH,SH
600929.SH,SH
600930.SH,SH
600933.SH,SH
600935.SH,SH
600936.SH,SH
600938.SH,SH
600939.SH,SH
600941.SH,SH
600955.SH,SH
600956.SH,SH
600958.SH,SH
600959.SH,SH
600960.SH,SH
600961.SH,SH
600962.SH,SH
600963.SH,SH
600965.SH,SH
600966.SH,SH
600967.SH,SH
600968.SH,SH
600969.SH,SH
600970.SH,SH
600971.SH,SH
600973.SH,SH
600975.SH,SH
600976.SH,SH
600977.SH,SH
600979.SH,SH
600980.SH,SH
600981.SH,SH
600982.SH,SH
600983.SH,SH
600984.SH,SH
600985.SH,SH
600986.SH,SH
600987.SH,SH
600988.SH,SH
600989.SH,SH
600990.SH,SH
600992.SH,SH
600993.SH,SH
600995.SH,SH
600996.SH,SH
600997.SH,SH
600998.SH,SH
600999.SH,SH
601000.SH,SH
601001.SH,SH
601002.SH,SH
601003.SH,SH
601005.SH,SH
601006.SH,SH
601007.SH,SH
601008.SH,SH
601009.SH,SH
601010.SH,SH
601011.SH,SH
601012.SH,SH
601015.SH,SH
601016.SH,SH
601018.SH,SH
601019.SH,SH
601020.SH,SH
601021.SH,SH
601022.SH,SH
601026.SH,SH
601033.SH,SH
601038.SH,SH
601058.SH,SH
601059.SH,SH
601061.SH,SH
601065.SH,SH
601066.SH,SH
601068.SH,SH
601069.SH,SH
601077.SH,SH
601083.SH,SH
601086.SH,SH
601088.SH,SH
601089.SH,SH
601096.SH,SH
601098.SH,SH
601099.SH,SH
601100.SH,SH
601101.SH,SH
601106.SH,SH
601107.SH,SH
601108.SH,SH
601111.SH,SH
601112.SH,SH
601113.SH,SH
601116.SH,SH
601117.SH,SH
601118.SH,SH
601121.SH,SH
601126.SH,SH
601127.SH,SH
601128.SH,SH
601133.SH,SH
601136.SH,SH
601137.SH,SH
601138.SH,SH
601139.SH,SH
601155.SH,SH
601156.SH,SH
601158.SH,SH
601162.SH,SH
601163.SH,SH
601166.SH,SH
601168.SH,SH
601169.SH,SH
601177.SH,SH
601179.SH,SH
601186.SH,SH
601187.SH,SH
601188.SH,SH
601198.SH,SH
601199.SH,SH
601200.SH,SH
601208.SH,SH
601211.SH,SH
601212.SH,SH
601216.SH,SH
601218.SH,SH
601222.SH,SH
601225.SH,SH
601226.SH,SH
601228.SH,SH
601229.SH,SH
601231.SH,SH
601233.SH,SH
601236.SH,SH
601238.SH,SH
601279.SH,SH
601288.SH,SH
601298.SH,SH
601311.SH,SH
601318.SH,SH
601319.SH,SH
601326.SH,SH
601328.SH,SH
601330.SH,SH
601333.SH,SH
601336.SH,SH
601339.SH,SH
601360.SH,SH
601366.SH,SH
601368.SH,SH
601369.SH,SH
601375.SH,SH
601377.SH,SH
601388.SH,SH
601390.SH,SH
601398.SH,SH
601399.SH,SH
601456.SH,SH
601500.SH,SH
601512.SH,SH
601515.SH,SH
601518.SH,SH
601519.SH,SH
601528.SH,SH
601555.SH,SH
601566.SH,SH
601567.SH,SH
601568.SH,SH
601577.SH,SH
601579.SH,SH
601588.SH,SH
601595.SH,SH
601598.SH,SH
601599.SH,SH
601600.SH,SH
601601.SH,SH
601606.SH,SH
601607.SH,SH
601608.SH,SH
601609.SH,SH
601611.SH,SH
601615.SH,SH
601616.SH,SH
601618.SH,SH
601619.SH,SH
601628.SH,SH
601633.SH,SH
601636.SH,SH
601658.SH,SH
601665.SH,SH
601666.SH,SH
601668.SH,SH
601669.SH,SH
601677.SH,SH
601678.SH,SH
601686.SH,SH
601688.SH,SH
601689.SH,SH
601696.SH,SH
601698.SH,SH
601699.SH,SH
601700.SH,SH
601702.SH,SH
601717.SH,SH
601718.SH,SH
601727.SH,SH
601728.SH,SH
601766.SH,SH
601777.SH,SH
601778.SH,SH
601788.SH,SH
601789.SH,SH
601798.SH,SH
601799.SH,SH
601800.SH,SH
601801.SH,SH
601808.SH,SH
601811.SH,SH
601816.SH,SH
601818.SH,SH
601825.SH,SH
601827.SH,SH
601828.SH,SH
601838.SH,SH
601857.SH,SH
601858.SH,SH
601860.SH,SH
601865.SH,SH
601866.SH,SH
601868.SH,SH
601869.SH,SH
601872.SH,SH
601877.SH,SH
601878.SH,SH
601880.SH,SH
601881.SH,SH
601882.SH,SH
601886.SH,SH
601888.SH,SH
601890.SH,SH
601898.SH,SH
601899.SH,SH
601900.SH,SH
601901.SH,SH
601908.SH,SH
601916.SH,SH
601918.SH,SH
601919.SH,SH
601921.SH,SH
601928.SH,SH
601929.SH,SH
601933.SH,SH
601939.SH,SH
601949.SH,SH
601952.SH,SH
601956.SH,SH
601958.SH,SH
601963.SH,SH
601965.SH,SH
601966.SH,SH
601968.SH,SH
601969.SH,SH
601975.SH,SH
601985.SH,SH
601988.SH,SH
601990.SH,SH
601991.SH,SH
601992.SH,SH
601995.SH,SH
601996.SH,SH
601997.SH,SH
601998.SH,SH
601999.SH,SH
603000.SH,SH
603001.SH,SH
603002.SH,SH
603004.SH,SH
603005.SH,SH
603006.SH,SH
603007.SH,SH
603008.SH,SH
603009.SH,SH
603010.SH,SH
603011.SH,SH
603012.SH,SH
603013.SH,SH
603014.SH,SH
603015.SH,SH
603016.SH,SH
603017.SH,SH
603018.SH,SH
603019.SH,SH
603020.SH,SH
603021.SH,SH
603022.SH,SH
603023.SH,SH
603025.SH,SH
603026.SH,SH
603027.SH,SH
603028.SH,SH
603029.SH,SH
603030.SH,SH
603031.SH,SH
603032.SH,SH
603033.SH,SH
603035.SH,SH
603036.SH,SH
603037.SH,SH
603038.SH,SH
603039.SH,SH
603040.SH,SH
603041.SH,SH
603042.SH,SH
603043.SH,SH
603045.SH,SH
603048.SH,SH
603049.SH,SH
603050.SH,SH
603051.SH,SH
603052.SH,SH
603053.SH,SH
603055.SH,SH
603057.SH,SH
603058.SH,SH
603059.SH,SH
603060.SH,SH
603061.SH,SH
603062.SH,SH
603063.SH,SH
603065.SH,SH
603066.SH,SH
603067.SH,SH
603068.SH,SH
603069.SH,SH
603070.SH,SH
603071.SH,SH
603072.SH,SH
603073.SH,SH
603075.SH,SH
603076.SH,SH
603077.SH,SH
603078.SH,SH
603079.SH,SH
603080.SH,SH
603081.SH,SH
603082.SH,SH
603083.SH,SH
603085.SH,SH
603086.SH,SH
603087.SH,SH
603088.SH,SH
603089.SH,SH
603090.SH,SH
603091.SH,SH
603092.SH,SH
603093.SH,SH
603095.SH,SH
603096.SH,SH
603097.SH,SH
603098.SH,SH
603099.SH,SH
603100.SH,SH
603101.SH,SH
603102.SH,SH
603103.SH,SH
603105.SH,SH
603106.SH,SH
603107.SH,SH
603108.SH,SH
603109.SH,SH
603110.SH,SH
603111.SH,SH
603112.SH,SH
603113.SH,SH
603115.SH,SH
603116.SH,SH
603117.SH,SH
603118.SH,SH
603119.SH,SH
603120.SH,SH
603121.SH,SH
603122.SH,SH
603123.SH,SH
603124.SH,SH
603125.SH,SH
603126.SH,SH
603127.SH,SH
603128.SH,SH
603129.SH,SH
603130.SH,SH
603131.SH,SH
603132.SH,SH
603135.SH,SH
603136.SH,SH
603137.SH,SH
603138.SH,SH
603139.SH,SH
603150.SH,SH
603151.SH,SH
603153.SH,SH
603155.SH,SH
603156.SH,SH
603158.SH,SH
603159.SH,SH
603160.SH,SH
603161.SH,SH
603162.SH,SH
603163.SH,SH
603165.SH,SH
603166.SH,SH
603167.SH,SH
603168.SH,SH
603169.SH,SH
603170.SH,SH
603171.SH,SH
603172.SH,SH
603173.SH,SH
603175.SH,SH
603176.SH,SH
603177.SH,SH
603178.SH,SH
603179.SH,SH
603180.SH,SH
603181.SH,SH
603182.SH,SH
603183.SH,SH
603185.SH,SH
603186.SH,SH
603187.SH,SH
603188.SH,SH
603189.SH,SH
603190.SH,SH
603191.SH,SH
603192.SH,SH
603193.SH,SH
603194.SH,SH
603195.SH,SH
603196.SH,SH
603197.SH,SH
603198.SH,SH
603199.SH,SH
603200.SH,SH
603201.SH,SH
603202.SH,SH
603203.SH,SH
603205.SH,SH
603206.SH,SH
603207.SH,SH
603208.SH,SH
603209.SH,SH
603210.SH,SH
603211.SH,SH
603212.SH,SH
603213.SH,SH
603214.SH,SH
603215.SH,SH
603216.SH,SH
603217.SH,SH
603218.SH,SH
603219.SH,SH
603220.SH,SH
603221.SH,SH
603222.SH,SH
603223.SH,SH
603225.SH,SH
603226.SH,SH
603227.SH,SH
603228.SH,SH
603229.SH,SH
603230.SH,SH
603231.SH,SH
603232.SH,SH
603233.SH,SH
603235.SH,SH
603236.SH,SH
603237.SH,SH
603238.SH,SH
603239.SH,SH
603248.SH,SH
603255.SH,SH
603256.SH,SH
603257.SH,SH
603258.SH,SH
603259.SH,SH
603260.SH,SH
603261.SH,SH
603262.SH,SH
603266.SH,SH
603267.SH,SH
603268.SH,SH
603269.SH,SH
603270.SH,SH
603271.SH,SH
603272.SH,SH
603273.SH,SH
603275.SH,SH
603276.SH,SH
603277.SH,SH
603278.SH,SH
603279.SH,SH
603280.SH,SH
603281.SH,SH
603282.SH,SH
603283.SH,SH
603284.SH,SH
603285.SH,SH
603286.SH,SH
603288.SH,SH
603289.SH,SH
603290.SH,SH
603291.SH,SH
603293.SH,SH
603296.SH,SH
603297.SH,SH
603298.SH,SH
603299.SH,SH
603300.SH,SH
603301.SH,SH
603303.SH,SH
603305.SH,SH
603306.SH,SH
603307.SH,SH
603308.SH,SH
603309.SH,SH
603310.SH,SH
603311.SH,SH
603312.SH,SH
603313.SH,SH
603315.SH,SH
603316.SH,SH
603317.SH,SH
603318.SH,SH
603319.SH,SH
603320.SH,SH
603321.SH,SH
603322.SH,SH
603323.SH,SH
603324.SH,SH
603325.SH,SH
603326.SH,SH
603327.SH,SH
603328.SH,SH
603329.SH,SH
603330.SH,SH
603331.SH,SH
603332.SH,SH
603333.SH,SH
603334.SH,SH
603335.SH,SH
603336.SH,SH
603337.SH,SH
603338.SH,SH
603339.SH,SH
603341.SH,SH
603344.SH,SH
603345.SH,SH
603348.SH,SH
603350.SH,SH
603351.SH,SH
603352.SH,SH
603353.SH,SH
603355.SH,SH
603356.SH,SH
603357.SH,SH
603358.SH,SH
603359.SH,SH
603360.SH,SH
603363.SH,SH
603365.SH,SH
603366.SH,SH
603367.SH,SH
603368.SH,SH
603369.SH,SH
603370.SH,SH
603373.SH,SH
603375.SH,SH
603376.SH,SH
603377.SH,SH
603378.SH,SH
603379.SH,SH
603380.SH,SH
603381.SH,SH
603382.SH,SH
603383.SH,SH
603385.SH,SH
603386.SH,SH
603387.SH,SH
603389.SH,SH
603390.SH,SH
603391.SH,SH
603392.SH,SH
603393.SH,SH
603395.SH,SH
603396.SH,SH
603398.SH,SH
603399.SH,SH
603400.SH,SH
603402.SH,SH
603406.SH,SH
603407.SH,SH
603408.SH,SH
603409.SH,SH
603416.SH,SH
603418.SH,SH
603421.SH,SH
603429.SH,SH
603435.SH,SH
603439.SH,SH
603444.SH,SH
603456.SH,SH
603458.SH,SH
603459.SH,SH
603466.SH,SH
603477.SH,SH
603486.SH,SH
603488.SH,SH
603489.SH,SH
603496.SH,SH
603499.SH,SH
603500.SH,SH
603501.SH,SH
603505.SH,SH
603506.SH,SH
603507.SH,SH
603508.SH,SH
603511.SH,SH
603515.SH,SH
603516.SH,SH
603517.SH,SH
603518.SH,SH
603519.SH,SH
603520.SH,SH
603527.SH,SH
603528.SH,SH
603529.SH,SH
603530.SH,SH
603533.SH,SH
603535.SH,SH
603536.SH,SH
603538.SH,SH
603551.SH,SH
603556.SH,SH
603557.SH,SH
603558.SH,SH
603559.SH,SH
603565.SH,SH
603566.SH,SH
603567.SH,SH
603568.SH,SH
603569.SH,SH
603577.SH,SH
603578.SH,SH
603579.SH,SH
603580.SH,SH
603583.SH,SH
603585.SH,SH
603586.SH,SH
603587.SH,SH
603588.SH,SH
603589.SH,SH
603590.SH,SH
603595.SH,SH
603596.SH,SH
603598.SH,SH
603599.SH,SH
603600.SH,SH
603601.SH,SH
603602.SH,SH
603605.SH,SH
603606.SH,SH
603607.SH,SH
603608.SH,SH
603609.SH,SH
603610.SH,SH
603611.SH,SH
603612.SH,SH
603613.SH,SH
603615.SH,SH
603616.SH,SH
603617.SH,SH
603618.SH,SH
603619.SH,SH
603626.SH,SH
603628.SH,SH
603629.SH,SH
603630.SH,SH
603633.SH,SH
603636.SH,SH
603637.SH,SH
603638.SH,SH
603639.SH,SH
603648.SH,SH
603650.SH,SH
603655.SH,SH
603656.SH,SH
603657.SH,SH
603658.SH,SH
603659.SH,SH
603660.SH,SH
603661.SH,SH
603662.SH,SH
603663.SH,SH
603665.SH,SH
603666.SH,SH
603667.SH,SH
603668.SH,SH
603669.SH,SH
603676.SH,SH
603677.SH,SH
603678.SH,SH
603679.SH,SH
603680.SH,SH
603681.SH,SH
603682.SH,SH
603683.SH,SH
603685.SH,SH
603686.SH,SH
603687.SH,SH
603688.SH,SH
603689.SH,SH
603690.SH,SH
603693.SH,SH
603696.SH,SH
603697.SH,SH
603698.SH,SH
603699.SH,SH
603700.SH,SH
603701.SH,SH
603703.SH,SH
603706.SH,SH
603707.SH,SH
603708.SH,SH
603709.SH,SH
603711.SH,SH
603712.SH,SH
603713.SH,SH
603716.SH,SH
603717.SH,SH
603718.SH,SH
603719.SH,SH
603721.SH,SH
603722.SH,SH
603725.SH,SH
603726.SH,SH
603727.SH,SH
603728.SH,SH
603729.SH,SH
603730.SH,SH
603733.SH,SH
603737.SH,SH
603738.SH,SH
603739.SH,SH
603755.SH,SH
603757.SH,SH
603758.SH,SH
603759.SH,SH
603766.SH,SH
603767.SH,SH
603768.SH,SH
603773.SH,SH
603776.SH,SH
603777.SH,SH
603778.SH,SH
603779.SH,SH
603786.SH,SH
603787.SH,SH
603788.SH,SH
603789.SH,SH
603790.SH,SH
603797.SH,SH
603798.SH,SH
603799.SH,SH
603800.SH,SH
603801.SH,SH
603803.SH,SH
603806.SH,SH
603808.SH,SH
603809.SH,SH
603810.SH,SH
603811.SH,SH
603813.SH,SH
603815.SH,SH
603816.SH,SH
603817.SH,SH
603818.SH,SH
603819.SH,SH
603822.SH,SH
603823.SH,SH
603825.SH,SH
603826.SH,SH
603828.SH,SH
603829.SH,SH
603833.SH,SH
603836.SH,SH
603838.SH,SH
603839.SH,SH
603843.SH,SH
603848.SH,SH
603855.SH,SH
603856.SH,SH
603858.SH,SH
603859.SH,SH
603860.SH,SH
603861.SH,SH
603863.SH,SH
603866.SH,SH
603867.SH,SH
603868.SH,SH
603869.SH,SH
603871.SH,SH
603876.SH,SH
603877.SH,SH
603878.SH,SH
603879.SH,SH
603880.SH,SH
603881.SH,SH
603882.SH,SH
603883.SH,SH
603885.SH,SH
603886.SH,SH
603887.SH,SH
603888.SH,SH
603889.SH,SH
603890.SH,SH
603893.SH,SH
603895.SH,SH
603896.SH,SH
603897.SH,SH
603898.SH,SH
603899.SH,SH
603900.SH,SH
603901.SH,SH
603903.SH,SH
603906.SH,SH
603908.SH,SH
603909.SH,SH
603912.SH,SH
603915.SH,SH
603916.SH,SH
603917.SH,SH
603918.SH,SH
603919.SH,SH
603920.SH,SH
603922.SH,SH
603926.SH,SH
603927.SH,SH
603928.SH,SH
603929.SH,SH
603931.SH,SH
603933.SH,SH
603936.SH,SH
603937.SH,SH
603938.SH,SH
603939.SH,SH
603948.SH,SH
603949.SH,SH
603950.SH,SH
603955.SH,SH
603956.SH,SH
603958.SH,SH
603959.SH,SH
603960.SH,SH
603966.SH,SH
603967.SH,SH
603968.SH,SH
603969.SH,SH
603970.SH,SH
603976.SH,SH
603977.SH,SH
603978.SH,SH
603979.SH,SH
603980.SH,SH
603982.SH,SH
603983.SH,SH
603985.SH,SH
603986.SH,SH
603987.SH,SH
603988.SH,SH
603989.SH,SH
603990.SH,SH
603991.SH,SH
603992.SH,SH
603993.SH,SH
603995.SH,SH
603997.SH,SH
603998.SH,SH
603999.SH,SH
605001.SH,SH
605003.SH,SH
605005.SH,SH
605006.SH,SH
605007.SH,SH
605008.SH,SH
605009.SH,SH
605011.SH,SH
605016.SH,SH
605018.SH,SH
605020.SH,SH
605028.SH,SH
605033.SH,SH
605050.SH,SH
605055.SH,SH
605056.SH,SH
605058.SH,SH
605060.SH,SH
605066.SH,SH
605068.SH,SH
605069.SH,SH
605077.SH,SH
605080.SH,SH
605081.SH,SH
605086.SH,SH
605088.SH,SH
605089.SH,SH
605090.SH,SH
605098.SH,SH
605099.SH,SH
605100.SH,SH
605108.SH,SH
605111.SH,SH
605116.SH,SH
605117.SH,SH
605118.SH,SH
605122.SH,SH
605123.SH,SH
605128.SH,SH
605133.SH,SH
605136.SH,SH
605138.SH,SH
605151.SH,SH
605155.SH,SH
605158.SH,SH
605162.SH,SH
605166.SH,SH
605167.SH,SH
605168.SH,SH
605169.SH,SH
605177.SH,SH
605178.SH,SH
605179.SH,SH
605180.SH,SH
605183.SH,SH
605186.SH,SH
605188.SH,SH
605189.SH,SH
605196.SH,SH
605198.SH,SH
605199.SH,SH
605208.SH,SH
605218.SH,SH
605222.SH,SH
605228.SH,SH
605255.SH,SH
605258.SH,SH
605259.SH,SH
605266.SH,SH
605268.SH,SH
605277.SH,SH
605286.SH,SH
605287.SH,SH
605288.SH,SH
605289.SH,SH
605296.SH,SH
605298.SH,SH
605299.SH,SH
605300.SH,SH
605303.SH,SH
605305.SH,SH
605318.SH,SH
605319.SH,SH
605333.SH,SH
605336.SH,SH
605337.SH,SH
605338.SH,SH
605339.SH,SH
605358.SH,SH
605365.SH,SH
605366.SH,SH
605368.SH,SH
605369.SH,SH
605376.SH,SH
605377.SH,SH
605378.SH,SH
605388.SH,SH
605389.SH,SH
605398.SH,SH
605399.SH,SH
605488.SH,SH
605499.SH,SH
605500.SH,SH
605507.SH,SH
605555.SH,SH
605566.SH,SH
605567.SH,SH
605577.SH,SH
605580.SH,SH
605588.SH,SH
605589.SH,SH
605598.SH,SH
605599.SH,SH
688001.SH,SH
688002.SH,SH
688003.SH,SH
688004.SH,SH
688005.SH,SH
688006.SH,SH
688007.SH,SH
688008.SH,SH
688009.SH,SH
688010.SH,SH
688011.SH,SH
688012.SH,SH
688013.SH,SH
688015.SH,SH
688016.SH,SH
688017.SH,SH
688018.SH,SH
688019.SH,SH
688020.SH,SH
688021.SH,SH
688022.SH,SH
688023.SH,SH
688025.SH,SH
688026.SH,SH
688027.SH,SH
688028.SH,SH
688029.SH,SH
688030.SH,SH
688031.SH,SH
688032.SH,SH
688033.SH,SH
688035.SH,SH
688036.SH,SH
688037.SH,SH
688038.SH,SH
688039.SH,SH
688041.SH,SH
688045.SH,SH
688046.SH,SH
688047.SH,SH
688048.SH,SH
688049.SH,SH
688050.SH,SH
688051.SH,SH
688052.SH,SH
688053.SH,SH
688055.SH,SH
688056.SH,SH
688057.SH,SH
688058.SH,SH
688059.SH,SH
688060.SH,SH
688061.SH,SH
688062.SH,SH
688063.SH,SH
688065.SH,SH
688066.SH,SH
688067.SH,SH
688068.SH,SH
688069.SH,SH
688070.SH,SH
688071.SH,SH
688072.SH,SH
688073.SH,SH
688075.SH,SH
688076.SH,SH
688077.SH,SH
688078.SH,SH
688079.SH,SH
688080.SH,SH
688081.SH,SH
688082.SH,SH
688083.SH,SH
688084.SH,SH
688085.SH,SH
688087.SH,SH
688088.SH,SH
688089.SH,SH
688090.SH,SH
688091.SH,SH
688092.SH,SH
688093.SH,SH
688095.SH,SH
688096.SH,SH
688097.SH,SH
688098.SH,SH
688099.SH,SH
688100.SH,SH
688101.SH,SH
688102.SH,SH
688103.SH,SH
688105.SH,SH
688106.SH,SH
688107.SH,SH
688108.SH,SH
688109.SH,SH
688110.SH,SH
688111.SH,SH
688112.SH,SH
688113.SH,SH
688114.SH,SH
688115.SH,SH
688116.SH,SH
688117.SH,SH
688118.SH,SH
688119.SH,SH
688120.SH,SH
688121.SH,SH
688122.SH,SH
688123.SH,SH
688125.SH,SH
688126.SH,SH
688127.SH,SH
688128.SH,SH
688129.SH,SH
688130.SH,SH
688131.SH,SH
688132.SH,SH
688133.SH,SH
688135.SH,SH
688136.SH,SH
688137.SH,SH
688138.SH,SH
688139.SH,SH
688141.SH,SH
688143.SH,SH
688146.SH,SH
688147.SH,SH
688148.SH,SH
688150.SH,SH
688151.SH,SH
688152.SH,SH
688153.SH,SH
688155.SH,SH
688156.SH,SH
688157.SH,SH
688158.SH,SH
688159.SH,SH
688160.SH,SH
688161.SH,SH
688162.SH,SH
688163.SH,SH
688165.SH,SH
688166.SH,SH
688167.SH,SH
688168.SH,SH
688169.SH,SH
688170.SH,SH
688171.SH,SH
688172.SH,SH
688173.SH,SH
688175.SH,SH
688176.SH,SH
688177.SH,SH
688178.SH,SH
688179.SH,SH
688180.SH,SH
688181.SH,SH
688182.SH,SH
688183.SH,SH
688184.SH,SH
688185.SH,SH
688186.SH,SH
688187.SH,SH
688188.SH,SH
688189.SH,SH
688190.SH,SH
688191.SH,SH
688192.SH,SH
688193.SH,SH
688195.SH,SH
688196.SH,SH
688197.SH,SH
688198.SH,SH
688199.SH,SH
688200.SH,SH
688201.SH,SH
688202.SH,SH
688203.SH,SH
688205.SH,SH
688206.SH,SH
688207.SH,SH
688208.SH,SH
688209.SH,SH
688210.SH,SH
688211.SH,SH
688212.SH,SH
688213.SH,SH
688215.SH,SH
688216.SH,SH
688217.SH,SH
688218.SH,SH
688219.SH,SH
688220.SH,SH
688221.SH,SH
688222.SH,SH
688223.SH,SH
688225.SH,SH
688226.SH,SH
688227.SH,SH
688228.SH,SH
688229.SH,SH
688230.SH,SH
688231.SH,SH
688232.SH,SH
688233.SH,SH
688234.SH,SH
688235.SH,SH
688236.SH,SH
688237.SH,SH
688238.SH,SH
688239.SH,SH
688244.SH,SH
688246.SH,SH
688247.SH,SH
688248.SH,SH
688249.SH,SH
688251.SH,SH
688252.SH,SH
688253.SH,SH
688255.SH,SH
688256.SH,SH
688257.SH,SH
688258.SH,SH
688259.SH,SH
688260.SH,SH
688261.SH,SH
688262.SH,SH
688265.SH,SH
688266.SH,SH
688267.SH,SH
688268.SH,SH
688269.SH,SH
688270.SH,SH
688271.SH,SH
688272.SH,SH
688273.SH,SH
688275.SH,SH
688276.SH,SH
688277.SH,SH
688278.SH,SH
688279.SH,SH
688280.SH,SH
688281.SH,SH
688282.SH,SH
688283.SH,SH
688285.SH,SH
688286.SH,SH
688287.SH,SH
688288.SH,SH
688289.SH,SH
688290.SH,SH
688291.SH,SH
688292.SH,SH
688293.SH,SH
688295.SH,SH
688296.SH,SH
688297.SH,SH
688298.SH,SH
688299.SH,SH
688300.SH,SH
688301.SH,SH
688302.SH,SH
688303.SH,SH
688305.SH,SH
688306.SH,SH
688307.SH,SH
688308.SH,SH
688309.SH,SH
688310.SH,SH
688311.SH,SH
688312.SH,SH
688313.SH,SH
688314.SH,SH
688315.SH,SH
688316.SH,SH
688317.SH,SH
688318.SH,SH
688319.SH,SH
688320.SH,SH
688321.SH,SH
688322.SH,SH
688323.SH,SH
688325.SH,SH
688326.SH,SH
688327.SH,SH
688328.SH,SH
688329.SH,SH
688330.SH,SH
688331.SH,SH
688332.SH,SH
688333.SH,SH
688334.SH,SH
688335.SH,SH
688336.SH,SH
688337.SH,SH
688338.SH,SH
688339.SH,SH
688343.SH,SH
688345.SH,SH
688347.SH,SH
688348.SH,SH
688349.SH,SH
688350.SH,SH
688351.SH,SH
688352.SH,SH
688353.SH,SH
688355.SH,SH
688356.SH,SH
688357.SH,SH
688358.SH,SH
688359.SH,SH
688360.SH,SH
688361.SH,SH
688362.SH,SH
688363.SH,SH
688365.SH,SH
688366.SH,SH
688367.SH,SH
688368.SH,SH
688369.SH,SH
688370.SH,SH
688371.SH,SH
688372.SH,SH
688373.SH,SH
688375.SH,SH
688376.SH,SH
688377.SH,SH
688378.SH,SH
688379.SH,SH
688380.SH,SH
688381.SH,SH
688382.SH,SH
688383.SH,SH
688385.SH,SH
688386.SH,SH
688387.SH,SH
688388.SH,SH
688389.SH,SH
688390.SH,SH
688391.SH,SH
688392.SH,SH
688393.SH,SH
688395.SH,SH
688396.SH,SH
688398.SH,SH
688399.SH,SH
688400.SH,SH
688401.SH,SH
688403.SH,SH
688408.SH,SH
688409.SH,SH
688410.SH,SH
688411.SH,SH
688416.SH,SH
688418.SH,SH
688419.SH,SH
688420.SH,SH
688425.SH,SH
688426.SH,SH
688428.SH,SH
688429.SH,SH
688432.SH,SH
688433.SH,SH
688435.SH,SH
688439.SH,SH
688443.SH,SH
688448.SH,SH
688449.SH,SH
688450.SH,SH
688455.SH,SH
688456.SH,SH
688458.SH,SH
688459.SH,SH
688466.SH,SH
688468.SH,SH
688469.SH,SH
688472.SH,SH
688475.SH,SH
688478.SH,SH
688479.SH,SH
688480.SH,SH
688484.SH,SH
688485.SH,SH
688486.SH,SH
688488.SH,SH
688489.SH,SH
688496.SH,SH
688498.SH,SH
688499.SH,SH
688500.SH,SH
688501.SH,SH
688502.SH,SH
688503.SH,SH
688505.SH,SH
688506.SH,SH
688507.SH,SH
688508.SH,SH
688509.SH,SH
688510.SH,SH
688511.SH,SH
688512.SH,SH
688513.SH,SH
688515.SH,SH
688516.SH,SH
688517.SH,SH
688518.SH,SH
688519.SH,SH
688520.SH,SH
688521.SH,SH
688522.SH,SH
688523.SH,SH
688525.SH,SH
688526.SH,SH
688528.SH,SH
688529.SH,SH
688530.SH,SH
688531.SH,SH
688533.SH,SH
688535.SH,SH
688536.SH,SH
688538.SH,SH
688539.SH,SH
688543.SH,SH
688545.SH,SH
688548.SH,SH
688549.SH,SH
688550.SH,SH
688551.SH,SH
688552.SH,SH
688553.SH,SH
688556.SH,SH
688557.SH,SH
688558.SH,SH
688559.SH,SH
688560.SH,SH
688561.SH,SH
688562.SH,SH
688563.SH,SH
688565.SH,SH
688566.SH,SH
688567.SH,SH
688568.SH,SH
688569.SH,SH
688570.SH,SH
688571.SH,SH
688573.SH,SH
688575.SH,SH
688576.SH,SH
688577.SH,SH
688578.SH,SH
688579.SH,SH
688580.SH,SH
688581.SH,SH
688582.SH,SH
688583.SH,SH
688584.SH,SH
688585.SH,SH
688586.SH,SH
688588.SH,SH
688589.SH,SH
688590.SH,SH
688591.SH,SH
688592.SH,SH
688593.SH,SH
688595.SH,SH
688596.SH,SH
688597.SH,SH
688598.SH,SH
688599.SH,SH
688600.SH,SH
688601.SH,SH
688602.SH,SH
688603.SH,SH
688605.SH,SH
688606.SH,SH
688607.SH,SH
688608.SH,SH
688609.SH,SH
688610.SH,SH
688611.SH,SH
688612.SH,SH
688613.SH,SH
688615.SH,SH
688616.SH,SH
688617.SH,SH
688618.SH,SH
688619.SH,SH
688620.SH,SH
688621.SH,SH
688622.SH,SH
688623.SH,SH
688625.SH,SH
688626.SH,SH
688627.SH,SH
688628.SH,SH
688629.SH,SH
688630.SH,SH
688631.SH,SH
688633.SH,SH
688635.SH,SH
688636.SH,SH
688638.SH,SH
688639.SH,SH
688646.SH,SH
688648.SH,SH
688651.SH,SH
688652.SH,SH
688653.SH,SH
688655.SH,SH
688656.SH,SH
688657.SH,SH
688658.SH,SH
688659.SH,SH
688660.SH,SH
688661.SH,SH
688662.SH,SH
688663.SH,SH
688665.SH,SH
688667.SH,SH
688668.SH,SH
688669.SH,SH
688670.SH,SH
688671.SH,SH
688676.SH,SH
688677.SH,SH
688678.SH,SH
688679.SH,SH
688680.SH,SH
688681.SH,SH
688682.SH,SH
688683.SH,SH
688685.SH,SH
688686.SH,SH
688687.SH,SH
688689.SH,SH
688690.SH,SH
688691.SH,SH
688692.SH,SH
688693.SH,SH
688695.SH,SH
688696.SH,SH
688697.SH,SH
688698.SH,SH
688699.SH,SH
688700.SH,SH
688701.SH,SH
688702.SH,SH
688707.SH,SH
688708.SH,SH
688709.SH,SH
688710.SH,SH
688711.SH,SH
688712.SH,SH
688716.SH,SH
688717.SH,SH
688718.SH,SH
688719.SH,SH
688720.SH,SH
688721.SH,SH
688722.SH,SH
688726.SH,SH
688727.SH,SH
688728.SH,SH
688729.SH,SH
688733.SH,SH
688737.SH,SH
688739.SH,SH
688750.SH,SH
688755.SH,SH
688757.SH,SH
688758.SH,SH
688759.SH,SH
688765.SH,SH
688766.SH,SH
688767.SH,SH
688768.SH,SH
688772.SH,SH
688775.SH,SH
688776.SH,SH
688777.SH,SH
688778.SH,SH
688779.SH,SH
688781.SH,SH
688783.SH,SH
688785.SH,SH
688786.SH,SH
688787.SH,SH
688788.SH,SH
688789.SH,SH
688790.SH,SH
688793.SH,SH
688795.SH,SH
688796.SH,SH
688798.SH,SH
688799.SH,SH
688800.SH,SH
688802.SH,SH
688805.SH,SH
688807.SH,SH
688808.SH,SH
688809.SH,SH
688811.SH,SH
688813.SH,SH
688816.SH,SH
688818.SH,SH
688819.SH,SH
688820.SH,SH
688981.SH,SH
689009.SH,SH
810011.BJ,BJ
810013.BJ,BJ
810014.BJ,BJ
821001.BJ,BJ
821002.BJ,BJ
821003.BJ,BJ
821006.BJ,BJ
821007.BJ,BJ
821008.BJ,BJ
821010.BJ,BJ
821012.BJ,BJ
821013.BJ,BJ
821014.BJ,BJ
821015.BJ,BJ
821016.BJ,BJ
821017.BJ,BJ
821019.BJ,BJ
821020.BJ,BJ
821022.BJ,BJ
821023.BJ,BJ
821024.BJ,BJ
899050.BJ,BJ
899601.BJ,BJ
920000.BJ,BJ
920001.BJ,BJ
920002.BJ,BJ
920003.BJ,BJ
920005.BJ,BJ
920006.BJ,BJ
920007.BJ,BJ
920008.BJ,BJ
920009.BJ,BJ
920010.BJ,BJ
920011.BJ,BJ
920012.BJ,BJ
920014.BJ,BJ
920015.BJ,BJ
920016.BJ,BJ
920017.BJ,BJ
920018.BJ,BJ
920019.BJ,BJ
920020.BJ,BJ
920021.BJ,BJ
920022.BJ,BJ
920023.BJ,BJ
920026.BJ,BJ
920027.BJ,BJ
920028.BJ,BJ
920029.BJ,BJ
920030.BJ,BJ
920033.BJ,BJ
920035.BJ,BJ
920036.BJ,BJ
920037.BJ,BJ
920039.BJ,BJ
920045.BJ,BJ
920046.BJ,BJ
920047.BJ,BJ
920050.BJ,BJ
920055.BJ,BJ
920056.BJ,BJ
920057.BJ,BJ
920058.BJ,BJ
920060.BJ,BJ
920061.BJ,BJ
920062.BJ,BJ
920066.BJ,BJ
920068.BJ,BJ
920069.BJ,BJ
920075.BJ,BJ
920076.BJ,BJ
920077.BJ,BJ
920078.BJ,BJ
920080.BJ,BJ
920082.BJ,BJ
920086.BJ,BJ
920087.BJ,BJ
920088.BJ,BJ
920089.BJ,BJ
920090.BJ,BJ
920091.BJ,BJ
920092.BJ,BJ
920096.BJ,BJ
920098.BJ,BJ
920099.BJ,BJ
920100.BJ,BJ
920101.BJ,BJ
920106.BJ,BJ
920108.BJ,BJ
920110.BJ,BJ
920111.BJ,BJ
920112.BJ,BJ
920116.BJ,BJ
920118.BJ,BJ
920119.BJ,BJ
920121.BJ,BJ
920122.BJ,BJ
920123.BJ,BJ
920124.BJ,BJ
920125.BJ,BJ
920128.BJ,BJ
920130.BJ,BJ
920132.BJ,BJ
920139.BJ,BJ
920145.BJ,BJ
920146.BJ,BJ
920149.BJ,BJ
920152.BJ,BJ
920156.BJ,BJ
920158.BJ,BJ
920159.BJ,BJ
920160.BJ,BJ
920161.BJ,BJ
920163.BJ,BJ
920166.BJ,BJ
920167.BJ,BJ
920168.BJ,BJ
920169.BJ,BJ
920171.BJ,BJ
920174.BJ,BJ
920175.BJ,BJ
920177.BJ,BJ
920178.BJ,BJ
920179.BJ,BJ
920180.BJ,BJ
920181.BJ,BJ
920183.BJ,BJ
920184.BJ,BJ
920185.BJ,BJ
920186.BJ,BJ
920187.BJ,BJ
920188.BJ,BJ
920190.BJ,BJ
920191.BJ,BJ
920195.BJ,BJ
920198.BJ,BJ
920199.BJ,BJ
920200.BJ,BJ
920204.BJ,BJ
920206.BJ,BJ
920207.BJ,BJ
920208.BJ,BJ
920211.BJ,BJ
920212.BJ,BJ
920218.BJ,BJ
920220.BJ,BJ
920221.BJ,BJ
920223.BJ,BJ
920225.BJ,BJ
920227.BJ,BJ
920230.BJ,BJ
920237.BJ,BJ
920239.BJ,BJ
920242.BJ,BJ
920245.BJ,BJ
920247.BJ,BJ
920249.BJ,BJ
920252.BJ,BJ
920260.BJ,BJ
920261.BJ,BJ
920262.BJ,BJ
920263.BJ,BJ
920266.BJ,BJ
920267.BJ,BJ
920270.BJ,BJ
920271.BJ,BJ
920273.BJ,BJ
920274.BJ,BJ
920275.BJ,BJ
920278.BJ,BJ
920284.BJ,BJ
920299.BJ,BJ
920300.BJ,BJ
920304.BJ,BJ
920305.BJ,BJ
920339.BJ,BJ
920344.BJ,BJ
920346.BJ,BJ
920351.BJ,BJ
920357.BJ,BJ
920363.BJ,BJ
920367.BJ,BJ
920368.BJ,BJ
920370.BJ,BJ
920371.BJ,BJ
920374.BJ,BJ
920375.BJ,BJ
920378.BJ,BJ
920392.BJ,BJ
920394.BJ,BJ
920395.BJ,BJ
920396.BJ,BJ
920402.BJ,BJ
920403.BJ,BJ
920405.BJ,BJ
920407.BJ,BJ
920414.BJ,BJ
920415.BJ,BJ
920418.BJ,BJ
920419.BJ,BJ
920422.BJ,BJ
920425.BJ,BJ
920427.BJ,BJ
920429.BJ,BJ
920433.BJ,BJ
920436.BJ,BJ
920438.BJ,BJ
920445.BJ,BJ
920454.BJ,BJ
920455.BJ,BJ
920469.BJ,BJ
920471.BJ,BJ
920475.BJ,BJ
920476.BJ,BJ
920478.BJ,BJ
920489.BJ,BJ
920491.BJ,BJ
920493.BJ,BJ
920496.BJ,BJ
920504.BJ,BJ
920505.BJ,BJ
920508.BJ,BJ
920509.BJ,BJ
920510.BJ,BJ
920519.BJ,BJ
920522.BJ,BJ
920523.BJ,BJ
920526.BJ,BJ
920527.BJ,BJ
920533.BJ,BJ
920541.BJ,BJ
920547.BJ,BJ
920553.BJ,BJ
920556.BJ,BJ
920564.BJ,BJ
920566.BJ,BJ
920570.BJ,BJ
920571.BJ,BJ
920575.BJ,BJ
920576.BJ,BJ
920578.BJ,BJ
920579.BJ,BJ
920580.BJ,BJ
920592.BJ,BJ
920593.BJ,BJ
920599.BJ,BJ
920608.BJ,BJ
920627.BJ,BJ
920634.BJ,BJ
920639.BJ,BJ
920640.BJ,BJ
920641.BJ,BJ
920642.BJ,BJ
920651.BJ,BJ
920656.BJ,BJ
920662.BJ,BJ
920663.BJ,BJ
920665.BJ,BJ
920670.BJ,BJ
920675.BJ,BJ
920679.BJ,BJ
920682.BJ,BJ
920685.BJ,BJ
920689.BJ,BJ
920690.BJ,BJ
920693.BJ,BJ
920694.BJ,BJ
920699.BJ,BJ
920701.BJ,BJ
920703.BJ,BJ
920706.BJ,BJ
920717.BJ,BJ
920718.BJ,BJ
920719.BJ,BJ
920720.BJ,BJ
920725.BJ,BJ
920726.BJ,BJ
920729.BJ,BJ
920735.BJ,BJ
920748.BJ,BJ
920751.BJ,BJ
920753.BJ,BJ
920765.BJ,BJ
920768.BJ,BJ
920770.BJ,BJ
920779.BJ,BJ
920781.BJ,BJ
920786.BJ,BJ
920790.BJ,BJ
920792.BJ,BJ
920799.BJ,BJ
920802.BJ,BJ
920806.BJ,BJ
920807.BJ,BJ
920808.BJ,BJ
920809.BJ,BJ
920810.BJ,BJ
920819.BJ,BJ
920821.BJ,BJ
920826.BJ,BJ
920832.BJ,BJ
920833.BJ,BJ
920834.BJ,BJ
920837.BJ,BJ
920839.BJ,BJ
920855.BJ,BJ
920856.BJ,BJ
920857.BJ,BJ
920866.BJ,BJ
920870.BJ,BJ
920871.BJ,BJ
920873.BJ,BJ
920876.BJ,BJ
920879.BJ,BJ
920885.BJ,BJ
920892.BJ,BJ
920895.BJ,BJ
920896.BJ,BJ
920906.BJ,BJ
920914.BJ,BJ
920924.BJ,BJ
920925.BJ,BJ
920926.BJ,BJ
920931.BJ,BJ
920932.BJ,BJ
920942.BJ,BJ
920943.BJ,BJ
920946.BJ,BJ
920950.BJ,BJ
920953.BJ,BJ
920957.BJ,BJ
920961.BJ,BJ
920964.BJ,BJ
920970.BJ,BJ
920971.BJ,BJ
920974.BJ,BJ
920976.BJ,BJ
920978.BJ,BJ
920981.BJ,BJ
920982.BJ,BJ
920985.BJ,BJ
920992.BJ,BJ
